Trainer,Location,Pokemon,Ability,Held Item,Level,Attack 1,Attack 2,Attack 3,Attack 4,HP,ATK,DEF,SPA,SPD,SPE
Pokemon Trainer Brendan {Treecko},Route 103 (West),Torchic,Blaze,,5,,,,,0,0,0,0,0,0
Pokemon Trainer Brendan {Torchic},Route 103 (West),Mudkip,Torrent,,5,Tackle,Growl,,,0,0,0,0,0,0
Pokemon Trainer Brendan {Mudkip},Route 103 (West),Treecko,Overgrow,,5,,,,,0,0,0,0,0,0
Pokemon Trainer May {Treecko},Route 103 (West),Torchic,Blaze,,5,,,,,0,0,0,0,0,0
Pokemon Trainer May {Torchic},Route 103 (West),Mudkip,Torrent,,5,Tackle,Growl,,,0,0,0,0,0,0
Pokemon Trainer May {Mudkip},Route 103 (West),Treecko,Overgrow,,5,,,,,0,0,0,0,0,0
Youngster Calvin,Route 102,Zigzagoon,Pickup,,5,Tackle,Growl,Tail Whip,,0,0,0,0,0,0
Bug Catcher Rick,Route 102,Wurmple,Shield Dust,,4,Tackle,String Shot,,,0,0,0,0,0,0
,,Wurmple,Shield Dust,,4,Tackle,String Shot,,,0,0,0,0,0,0
Youngster Allen,Route 102,Poochyena,Run Away,,5,Tackle,Howl,,,0,0,0,0,0,0
,,Taillow,Guts,,3,Peck,Growl,,,0,0,0,0,0,0
Lass Tiana,Route 102,Zigzagoon,Pickup,,4,Tackle,Growl,,,0,0,0,0,0,0
,,Zigzagoon,Pickup,,4,Tackle,Growl,,,0,0,0,0,0,0
Youngster Billy,Route 104 (South),Seedot,Chlorophyll,,6,Bide,Harden,,,0,0,0,0,0,0
,,Taillow,Guts,,8,Peck,Growl,Focus Energy,Quick Attack,0,0,0,0,0,0
Rich Boy Winston,Route 104 (South),Zigzagoon,Pickup,Nugget,7,Tackle,Growl,Tail Whip,,0,0,0,0,0,0
Bug Catcher Lyle,Petalburg Woods,Wurmple,Shield Dust,,3,Tackle,String Shot,,,0,0,0,0,0,0
,,Wurmple,Shield Dust,,3,Tackle,String Shot,,,0,0,0,0,0,0
,,Wurmple,Shield Dust,,3,Tackle,String Shot,,,0,0,0,0,0,0
,,Wurmple,Shield Dust,,3,Tackle,String Shot,,,0,0,0,0,0,0
,,Wurmple,Shield Dust,,3,Tackle,String Shot,,,0,0,0,0,0,0
,,Wurmple,Shield Dust,,3,Tackle,String Shot,,,0,0,0,0,0,0
Team Magma Grunt [Ruby],Petalburg Woods,Poochyena,Run Away,,9,Tackle,Howl,Sand Attack,,0,0,0,0,0,0
Team Aqua Grunt [Sapphire],Petalburg Woods,Poochyena,Run Away,,9,Tackle,Howl,Sand Attack,,0,0,0,0,0,0
Bug Catcher James,Petalburg Woods,Nincada,Compound Eyes,,8,Scratch,Harden,Leech Life,,0,0,0,0,0,0
Lady Cindy,Route 104 (North),Zigzagoon,Pickup,Nugget,7,Tackle,Growl,Tail Whip,,0,0,0,0,0,0
Lass Haley,Route 104 (North),Lotad,Swift Swim,,7,Astonish,Growl,Absorb,,0,0,0,0,0,0
,,Shroomish,Effect Spore,,,Absorb,Tackle,Stun Spore,,0,0,0,0,0,0
Twins Gia & Mia,Route 104 (North),Lotad,Swift Swim,,8,Astonish,Growl,Absorb,,0,0,0,0,0,0
,,Seedot,Chlorophyll,,8,Bide,Harden,Growth,,0,0,0,0,0,0
Fisherman Ivan,Route 104 (North),Magikarp,Swift Swim,,6,Splash,,,,0,0,0,0,0,0
,,Magikarp,Swift Swim,,6,Splash,,,,0,0,0,0,0,0
,,Magikarp,Swift Swim,,6,Splash,,,,0,0,0,0,0,0
Bug Catcher Jose,Route 116,Wurmple,Shield Dust,,8,Tackle,String Shot,Poison Sting,,6,6,6,6,6,6
,,Silcoon,Shed Skin,,8,Harden,,,,6,6,6,6,6,6
,,Nincada,Compound Eyes,,8,Scratch,Harden,Leech Life,,6,6,6,6,6,6
Youngster Joey,Route 116,Zigzagoon,Pickup,,8,Tackle,Growl,Tail Whip,,0,0,0,0,0,0
,,Machop,Guts,,10,Low Kick,Leer,Focus Energy,,0,0,0,0,0,0
Lass Janice,Route 116,Marill,Thick Fat,,10,Tackle,Defense Curl,Tail Whip,Water Gun,0,0,0,0,0,0
Hiker Clark,Route 116,Geodude,Rock Head,,8,Tackle,Defense Curl,Mud Sport,,0,0,0,0,0,0
,,Geodude,Rock Head,,8,Tackle,Defense Curl,Mud Sport,,0,0,0,0,0,0
,,Geodude,Rock Head,,8,Tackle,Defense Curl,Mud Sport,,0,0,0,0,0,0
Youngster Josh,Rustboro Gym,Geodude,Rock Head,,10,Tackle,,,,12,12,12,12,12,12
,,Geodude,Rock Head,,8,Tackle,,,,12,12,12,12,12,12
,,Geodude,Rock Head,,6,Tackle,,,,12,12,12,12,12,12
Youngster Tommy,Rustboro Gym,Geodude,Rock Head,,11,Tackle,Defense Curl,Mud Sport,Rock Throw,12,12,12,12,12,12
Gym Leader Roxanne,Rustboro Gym,Geodude,Rock Head,,14,Tackle,Defense Curl,Rock Throw,Rock Tomb,18,18,18,18,18,18
,,Nosepass,Sturdy,,15,Tackle,Harden,Rock Throw,Rock Tomb,24,24,24,24,24,24
School Kid Jerry,Route 116 (Cut),Ralts,Synchronize,,10,Growl,Confusion,,,1,1,1,1,1,1
School Kid Karen,Route 116 (Cut),Shroomish,Effect Spore,,9,Absorb,Tackle,Stun Spore,,1,1,1,1,1,1
,,Whismur,Soundproof,,9,Pound,Uproar,,,1,1,1,1,1,1
Team Magma Grunt [Ruby],Rusturf Tunnel (West),Poochyena,Run Away,,11,Tackle,Howl,Sand Attack,,0,0,0,0,0,0
Team Aqua Grunt [Sapphire],Rusturf Tunnel (West),Poochyena,Run Away,,11,Tackle,Howl,Sand Attack,,0,0,0,0,0,0
Fisherman Ned,Route 106 (Beach),Tentacool,Clear Body,,12,Poison Sting,Supersonic,Constrict,,0,0,0,0,0,0
Fisherman Elliot,Route 106 (Beach),Magikarp,Swift Swim,,11,Splash,,,,0,0,0,0,0,0
,,Tentacool,Clear Body,,8,Poison Sting,Supersonic,,,0,0,0,0,0,0
,,Magikarp,Swift Swim,,11,Splash,,,,0,0,0,0,0,0
Battle Girl Laura,Dewford Gym,Meditite,Pure Power,,14,Bide,Meditate,Confusion,Detect,12,12,12,12,12,12
Black Belt Hideki,Dewford Gym,Machop,Guts,,14,Low Kick,Leer,Focus Energy,Karate Chop,12,12,12,12,12,12
Battle Girl Tessa,Dewford Gym,Meditite,Pure Power,,12,Bide,Meditate,Confusion,Detect,12,12,12,12,12,12
,,Machop,Guts,,12,Low Kick,Leer,Focus Energy,,12,12,12,12,12,12
,,Meditite,Pure Power,,12,Bide,Meditate,Confusion,Detect,12,12,12,12,12,12
Gym Leader Brawly,Dewford Gym,Machop,Guts,,17,Leer,Karate Chop,Seismic Toss,Bulk Up,18,18,18,18,18,18
,,Makuhita,Thick Fat,,18,Arm Thrust,Knock Off,Sand Attack,Bulk Up,24,24,24,24,24,24
Sailor Huey,Route 109 (Beach),Machop,Guts,,14,Low Kick,Leer,Focus Energy,Karate Chop,0,0,0,0,0,0
Tuber Ricky,Route 109 (Beach),Zigzagoon,Pickup,,14,Sand Attack,Headbutt,Tail Whip,Surf,0,0,0,0,0,0
Sailor Edmond,Route 109 (Beach),Wingull,Keen Eye,,12,Growl,Water Gun,Supersonic,,0,0,0,0,0,0
,,Machop,Guts,,12,Low Kick,Leer,Focus Energy,,0,0,0,0,0,0
,,Wingull,Keen Eye,,12,Growl,Water Gun,Supersonic,,0,0,0,0,0,0
Tuber Lola,Route 109 (Beach),Azurill,Thick Fat,,13,Splash,Charm,Tail Whip,Bubble,0,0,0,0,0,0
,,Azurill,Thick Fat,,13,Splash,Charm,Tail Whip,Bubble,0,0,0,0,0,0
Sailor Dwayne,Seashore House,Wingull,Keen Eye,,11,Growl,Water Gun,Supersonic,,0,0,0,0,0,0
,,Machop,Guts,,11,Low Kick,Leer,Focus Energy,,0,0,0,0,0,0
,,Wingull,Keen Eye,,11,Growl,Water Gun,Supersonic,,0,0,0,0,0,0
Beauty Johanna,Seashore House,Goldeen,Swift Swim,,13,Peck,Tail Whip,Water Sport,Supersonic,0,0,0,0,0,0
Tuber Simon,Seashore House,Azurill,Thick Fat,,12,Splash,Charm,Tail Whip,Bubble,0,0,0,0,0,0
,,Marill,Thick Fat,,12,Tackle,Defense Curl,Tail Whip,Water Gun,0,0,0,0,0,0
Team Magma Grunt [Ruby],Oceanic Museum,Numel,Oblivious,,15,Growl,Tackle,Ember,,0,0,0,0,0,0
Team Aqua Grunt [Sapphire],Oceanic Museum,Carvanha,Rough Skin,,15,,,,,0,0,0,0,0,0
Team Magma Grunt [Ruby],Oceanic Museum,Zubat,Inner Focus,,14,Leech Life,Supersonic,Astonish,,0,0,0,0,0,0
,,Numel,Oblivious,,14,Growl,Tackle,Ember,,0,0,0,0,0,0
Team Aqua Grunt [Sapphire],Oceanic Museum,Zubat,Inner Focus,,14,Leech Life,Supersonic,Astonish,,0,0,0,0,0,0
,,Carvanha,Rough Skin,,14,,,,,0,0,0,0,0,0
PokeFan Isabel,Route 110,Plusle,Plus,Oran Berry,15,Growl,Thunder Wave,Quick Attack,Helping Hand,0,0,0,0,0,0
,,Minun,Minus,Oran Berry,15,Growl,Thunder Wave,Quick Attack,Helping Hand,0,0,0,0,0,0
Aroma Lady Daisy,Route 103 (East),Roselia,Natural Cure,,16,Absorb,Growth,Poison Sting,Stun Spore,0,0,0,0,0,0
Twins Amy & Liv,Route 103 (East),Plusle,Plus,,16,Growl,Thunder Wave,Quick Attack,Helping Hand,0,0,0,0,0,0
,,Minun,Minus,,16,Growl,Thunder Wave,Quick Attack,Helping Hand,0,0,0,0,0,0
PokeFan Miguel,Route 103 (East),Skitty,Cute Charm,Oran Berry,16,Tail Whip,Attract,Sing,Double Slap,0,0,0,0,0,0
Fisherman Andrew,Route 103 (East),Magikarp,Swift Swim,,5,Splash,,,,0,0,0,0,0,0
,,Tentacool,Clear Body,,10,Poison Sting,Supersonic,,,0,0,0,0,0,0
,,Magikarp,Swift Swim,,15,Splash,Tackle,,,0,0,0,0,0,0
Lass Sally,Trick House 1,Oddish,Chlorophyll,,16,Absorb,Sweet Scent,Poison Powder,Stun Spore,0,0,0,0,0,0
Youngster Eddie,Trick House 1,Zigzagoon,Pickup,,14,Growl,Tail Whip,Headbutt,Sand Attack,0,0,0,0,0,0
,,Zigzagoon,Pickup,,16,Growl,Tail Whip,Headbutt,Sand Attack,0,0,0,0,0,0
Lass Robin,Trick House 1,Skitty,Cute Charm,,14,Tackle,Tail Whip,Attract,Sing,0,0,0,0,0,0
,,Marill,Thick Fat,,14,Tackle,Defense Curl,Tail Whip,Water Gun,0,0,0,0,0,0
,,Shroomish,Effect Spore,,14,Absorb,Tackle,Stun Spore,Leech Seed,0,0,0,0,0,0
Youngster Timmy,Route 110 (Underpass),Poochyena,Run Away,,12,Tackle,Howl,Sand Attack,,0,0,0,0,0,0
,,Aron,Sturdy,,16,Harden,Mud-Slap,Headbutt,Metal Claw,0,0,0,0,0,0
,,Electrike,Static,,14,Tackle,Thunder Wave,Leer,Howl,0,0,0,0,0,0
Pokemon Trainer Brendan {Treecko},Route 110 (Underpass),Wailmer,Water Veil,,18,,,,,6,6,6,6,6,6
,,Shroomish,Effect Spore,,18,Tackle,Stun Spore,Leech Seed,Mega Drain,6,6,6,6,6,6
,,Combusken,Blaze,,20,,,,,12,12,12,12,12,12
Pokemon Trainer Brendan {Torchic},Route 110 (Underpass),Shroomish,Effect Spore,,18,Tackle,Stun Spore,Leech Seed,Mega Drain,6,6,6,6,6,6
,,Numel,Oblivious,,18,Growl,Tackle,Ember,,6,6,6,6,6,6
,,Marshtomp,Torrent,,20,Water Gun,Bide,Mud Shot,Foresight,12,12,12,12,12,12
Pokemon Trainer Brendan {Mudkip},Route 110 (Underpass),Numel,Oblivious,,18,Growl,Tackle,Ember,,6,6,6,6,6,6
,,Wailmer,Water Veil,,18,,,,,6,6,6,6,6,6
,,Grovyle,Overgrow,,20,,,,,12,12,12,12,12,12
Pokemon Trainer May {Treecko},Route 110 (Underpass),Wailmer,Water Veil,,18,,,,,6,6,6,6,6,6
,,Shroomish,Effect Spore,,18,Tackle,Stun Spore,Leech Seed,Mega Drain,6,6,6,6,6,6
,,Combusken,Blaze,,20,,,,,12,12,12,12,12,12
Pokemon Trainer May {Torchic},Route 110 (Underpass),Shroomish,Effect Spore,,18,Tackle,Stun Spore,Leech Seed,Mega Drain,6,6,6,6,6,6
,,Numel,Oblivious,,18,Growl,Tackle,Ember,,6,6,6,6,6,6
,,Marshtomp,Torrent,,20,Water Gun,Bide,Mud Shot,Foresight,12,12,12,12,12,12
Pokemon Trainer May {Mudkip},Route 110 (Underpass),Wailmer,Water Veil,,18,,,,,6,6,6,6,6,6
,,Numel,Oblivious,,18,Growl,Tackle,Ember,,6,6,6,6,6,6
,,Grovyle,Overgrow,,20,,,,,12,12,12,12,12,12
Collector Edwin,Route 110 (Underpass),Lombre,Swift Swim,,14,Astonish,Growl,Absorb,Nature Power,0,0,0,0,0,0
,,Nuzleaf,Chlorophyll,,14,Pound,Harden,Growth,Nature Power,0,0,0,0,0,0
Psychic Edward,Route 110 (Underpass),Abra,Synchronize,,16,Hidden Power,,,,0,0,0,0,0,0
Fisherman Dale,Route 110 (Underpass),Tentacool,Clear Body,,12,Poison Sting,Supersonic,Constrict,,0,0,0,0,0,0
,,Wailmer,Water Veil,,15,Splash,Growl,Water Gun,Rollout,0,0,0,0,0,0
,,Tentacool,Clear Body,,9,Poison Sting,Supersonic,,,0,0,0,0,0,0
,,Tentacool,Clear Body,,12,Poison Sting,Supersonic,Constrict,,0,0,0,0,0,0
Triathlete Jacob,Route 110 (Cycling Road),Voltorb,Soundproof,,7,Charge,Tackle,,,0,0,0,0,0,0
,,Voltorb,Soundproof,,7,Charge,Tackle,,,0,0,0,0,0,0
,,Magnemite,Magnet Pull,,15,Metal Sound,Tackle,Thunder Shock,Supersonic,9,9,9,9,9,9
Triathlete Jasmine,Route 110 (Cycling Road),Magnemite,Magnet Pull,,15,Metal Sound,Tackle,Thunder Shock,Supersonic,9,9,9,9,9,9
,,Magnemite,Magnet Pull,,15,Metal Sound,Tackle,Thunder Shock,Supersonic,9,9,9,9,9,9
,,Voltorb,Soundproof,,7,Charge,Tackle,,,0,0,0,0,0,0
Triathlete Benjamin,Route 110 (Cycling Road),Magnemite,Magnet Pull,,17,Tackle,Thunder Shock,Supersonic,Sonic Boom,0,0,0,0,0,0
Triathlete Abigail,Route 110 (Cycling Road),Magnemite,Magnet Pull,,17,Tackle,Thunder Shock,Supersonic,Sonic Boom,0,0,0,0,0,0
Triathlete Anthony,Route 110 (Cycling Road),Magnemite,Magnet Pull,,16,Tackle,Thunder Shock,Supersonic,Sonic Boom,0,0,0,0,0,0
,,Magnemite,Magnet Pull,,16,Tackle,Thunder Shock,Supersonic,Sonic Boom,0,0,0,0,0,0
Psychic Jaclyn,Route 110 (Cycling Road),Abra,Synchronize,,16,Hidden Power,,,,0,0,0,0,0,0
Aroma Lady Rose,Route 118 (West),Shroomish,Effect Spore,,16,Tackle,Stun Spore,Leech Seed,Mega Drain,0,0,0,0,0,0
,,Roselia,Natural Cure,,16,Absorb,Growth,Poison Sting,Stun Spore,0,0,0,0,0,0
Guitarist Dalton,Route 118 (West),Magnemite,Magnet Pull,,15,Metal Sound,Tackle,Thunder Shock,Supersonic,0,0,0,0,0,0
,,Whismur,Soundproof,,15,Pound,Uproar,Astonish,Howl,0,0,0,0,0,0
,,Magnemite,Magnet Pull,,15,Metal Sound,Tackle,Thunder Shock,Supersonic,0,0,0,0,0,0
Fisherman Wade,Route 118 (West),Carvanha,Rough Skin,,17,Bite,Rage,Focus Energy,Scary Face,0,0,0,0,0,0
Pokemon Trainer Wally,Mauville City,Ralts,Synchronize,,16,Growl,Confusion,Double Team,Teleport,3,3,3,3,3,3
Triathlete Dylan,Route 117,Doduo,Run Away,,18,Peck,Growl,Pursuit,Fury Attack,0,0,0,0,0,0
Triathlete Maria,Route 117,Doduo,Run Away,,18,Peck,Growl,Pursuit,Fury Attack,0,0,0,0,0,0
Pokemon Breeder Lydia,Route 117,Wingull,Keen Eye,,12,Growl,Water Gun,Supersonic,,0,0,0,0,0,0
,,Shroomish,Effect Spore,,12,Absorb,Tackle,Stun Spore,Leech Seed,0,0,0,0,0,0
,,Marill,Thick Fat,,12,Tackle,Defense Curl,Tail Whip,Water Gun,0,0,0,0,0,0
,,Roselia,Natural Cure,,12,Absorb,Growth,Poison Sting,,0,0,0,0,0,0
,,Skitty,Cute Charm,,12,Growl,Tackle,Tail Whip,Attract,0,0,0,0,0,0
,,Goldeen,Swift Swim,,12,Peck,Tail Whip,Water Sport,Supersonic,0,0,0,0,0,0
Pokemon Breeder Isaac,Route 117,Whismur,Soundproof,,12,Pound,Uproar,Astonish,,0,0,0,0,0,0
,,Zigzagoon,Pickup,,12,Tackle,Growl,Tail Whip,Headbutt,0,0,0,0,0,0
,,Aron,Sturdy,,12,Tackle,Harden,Mud-Slap,Headbutt,0,0,0,0,0,0
,,Poochyena,Run Away,,12,Tackle,Howl,Sand Attack,,0,0,0,0,0,0
,,Taillow,Guts,,12,Peck,Growl,Focus Energy,Quick Attack,0,0,0,0,0,0
,,Makuhita,Thick Fat,,12,Tackle,Focus Energy,Sand Attack,Arm Thrust,0,0,0,0,0,0
Sr. and Jr. Anna & Meg,Route 117,Zigzagoon,Pickup,,16,Growl,Tail Whip,Headbutt,Odor Sleuth,0,0,0,0,0,0
,,Makuhita,Thick Fat,,18,Tackle,Focus Energy,Arm Thrust,,0,0,0,0,0,0
Bug Maniac Derek,Route 117,Nincada,Compound Eyes,,15,Harden,Leech Life,Sand Attack,Fury Swipes,18,18,18,18,18,18
,,Dustox,Shield Dust,,15,Confusion,Gust,,,18,18,18,18,18,18
,,Beautifly,,,15,Absorb,Gust,,,18,18,18,18,18,18
Hiker Mike,Rusturf Tunnel (East),Geodude,Rock Head,,16,Defense Curl,Mud Sport,Rock Throw,Magnitude,0,0,0,0,0,0
,,Geodude,Rock Head,,16,Defense Curl,Mud Sport,Rock Throw,Magnitude,0,0,0,0,0,0
,,Machop,Guts,,16,Low Kick,Leer,Focus Energy,Karate Chop,0,0,0,0,0,0
Guitarist Kirk,Mauville Gym,Electrike,Static,,18,Thunder Wave,Leer,Howl,Quick Attack,12,12,12,12,12,12
,,Magnemite,Magnet Pull,,18,Tackle,Thunder Shock,Supersonic,Sonic Boom,12,12,12,12,12,12
Youngster Ben,Mauville Gym,Zigzagoon,Pickup,,19,Headbutt,Sand Attack,Growl,Thunderbolt,12,12,12,12,12,12
Battle Girl Vivian,Mauville Gym,Meditite,Pure Power,,19,Bide,Detect,Confusion,Thunder Punch,12,12,12,12,12,12
Guitarist Shawn,Mauville Gym,Voltorb,Soundproof,,17,Charge,Tackle,Screech,Sonic Boom,12,12,12,12,12,12
,,Voltorb,Soundproof,,17,Charge,Tackle,Screech,Sonic Boom,12,12,12,12,12,12
,,Voltorb,Soundproof,,17,Charge,Tackle,Screech,Sonic Boom,12,12,12,12,12,12
Gym Leader Wattson,Mauville Gym,Magnemite,Magnet Pull,,22,Supersonic,Sonic Boom,Thundershock,Thunder Wave,24,24,24,24,24,24
,,Voltorb,Soundproof,,20,Rollout,Self-Destruct,Spark,Sonic Boom,24,24,24,24,24,24
,,Magneton,Magnet Pull,,23,Supersonic,Sonic Boom,Shock Wave,Thunder Wave,,,,,,
PokeFan Victor,Route 111 (Winstrate House),Taillow,Guts,Oran Berry,16,Growl,Focus Energy,Quick Attack,Wing Attack,3,3,3,3,3,3
,,Zigzagoon,Pickup,Oran Berry,16,Growl,Tail Whip,Headbutt,Sand Attack,3,3,3,3,3,3
PokeFan Victoria,Route 111 (Winstrate House),Roselia,Natural Cure,Oran Berry,17,Growth,Poison Sting,Stun Spore,Mega Drain,6,6,6,6,6,6
Lass Vivi,Route 111 (Winstrate House),Marill,Thick Fat,,15,Defense Curl,Tail Whip,Water Gun,Rollout,12,12,12,12,12,12
,,Shroomish,Effect Spore,,15,Absorb,Tackle,Stun Spore,Leech Seed,12,12,12,12,12,12
,,Numel,Oblivious,,15,Growl,Tackle,Ember,,12,12,12,12,12,12
Expert Vicky,Route 111 (Winstrate House),Meditite,Pure Power,,18,High Jump Kick,Meditate,Confusion,Detect,24,24,24,24,24,24
Interviewers Gabby & Ty,Route 111 (South),Magnemite,Magnet Pull,,19,Tackle,Thunder Shock,Supersonic,Sonic Boom,6,6,6,6,6,6
,,Whismur,Soundproof,,19,Pound,Uproar,Astonish,Howl,6,6,6,6,6,6
Camper Travis,Route 111 (South),Sandshrew,Sand Veil,,19,Scratch,Defense Curl,Sand Attack,Poison Sting,0,0,0,0,0,0
Picknicker Irene,Route 111 (South),Shroomish,Effect Spore,,18,Tackle,Stun Spore,Leech Seed,Mega Drain,0,0,0,0,0,0
,,Marill,Thick Fat,,18,Defense Curl,Tail Whip,Water Gun,Rollout,0,0,0,0,0,0
Camper Larry,Route 112,Zigzagoon,Pickup,,18,Tail Whip,Headbutt,Sand Attack,Odor Sleuth,0,0,0,0,0,0
,,Nuzleaf,Chlorophyll,,18,Pound,Harden,Growth,Nature Power,0,0,0,0,0,0
Picknicker Carol,Route 112,Taillow,Guts,,18,Growl,Focus Energy,Quick Attack,Wing Attack,0,0,0,0,0,0
,,Lombre,Swift Swim,,18,Astonish,Growl,Absorb,Nature Power,0,0,0,0,0,0
Hiker Trent,Route 112,Geodude,Rock Head,,16,Defense Curl,Mud Sport,Rock Throw,Magnitude,0,0,0,0,0,0
,,Geodude,Rock Head,,16,Defense Curl,Mud Sport,Rock Throw,Magnitude,0,0,0,0,0,0
,,Geodude,Rock Head,,16,Defense Curl,Mud Sport,Rock Throw,Magnitude,0,0,0,0,0,0
,,Geodude,Rock Head,,16,Defense Curl,Mud Sport,Rock Throw,Magnitude,0,0,0,0,0,0
Hiker Brice,Route 112,Numel,Oblivious,,18,Growl,Tackle,Ember,,0,0,0,0,0,0
,,Machop,Guts,,18,Low Kick,Leet,Focus Energy,Karate Chop,0,0,0,0,0,0
Cool Trainer Wilton,Route 111 (North),Electrike,Static,,18,Thunder Wave,Leer,Howl,Quick Attack,12,12,12,12,12,12
,,Wailmer,Water Veil,,18,Splash,Growl,Water Gun,Rollout,12,12,12,12,12,12
,,Makuhita,Thick Fat,,18,Focus Energy,Sand Attack,Arm Thrust,Vital Throw,12,12,12,12,12,12
Black Belt Daisuke,Route 111 (North),Machop,Guts,,19,Leer,Focus Energy,Karate Chop,Seismic Toss,12,12,12,12,12,12
Cool Trainer Brooke,Route 111 (North),Wingull,Keen Eye,,18,Growl,Water Gun,Supersonic,Wing Attack,12,12,12,12,12,12
,,Numel,Oblivious,,18,Growl,Tackle,Ember,,12,12,12,12,12,12
,,Roselia,Natural Cure,,18,Growth,Poison Sting,Stun Spore,Mega Drain,12,12,12,12,12,12
Youngster Neal,Route 113,Trapinch,Hyper Cutter,,18,Bite,Sand Attack,Faint Attack,,0,0,0,0,0,0
,,Linoone,Pickup,,20,Tail Whip,Headbutt,Sand Attack,Odor Sleuth,0,0,0,0,0,0
Ninja Boy Lao,Route 113,Koffing,Levitate,,17,Poison Gas,Tackle,Smog,Self-Destruct,0,0,0,0,0,0
,,Koffing,Levitate,,17,Poison Gas,Tackle,Smog,Self-Destruct,0,0,0,0,0,0
,,Koffing,Levitate,,17,Poison Gas,Tackle,Smog,Self-Destruct,0,0,0,0,0,0
,,Koffing,Levitate,,19,Tackle,Smog,,,0,0,0,0,0,0
Parasol Lady Madeline,Route 113,Numel,Oblivious,,20,Ember,Tackle,Magnitude,Sunny Day,0,0,0,0,0,0
Twins Tori & Tia,Route 113,Whismur,Soundproof,,20,Pound,Uproar,Astonish,Howl,0,0,0,0,0,0
,,Whismur,Soundproof,,20,Pound,Uproar,Astonish,Howl,0,0,0,0,0,0
Ninja Boy Lung,Route 113,Nincada,Compound Eyes,,19,Leech Life,Sand Attack,Fury Swipes,Mind Reader,0,0,0,0,0,0
,,Ninjask,Speed Boost,,19,Leech Life,Sand Attack,Fury Swipes,Mind Reader,0,0,0,0,0,0
Youngster Dillon,Route 113,Aron,Sturdy,,20,Mud-Slap,Headbutt,Metal Claw,Iron Defense,0,0,0,0,0,0
Fisherman Nolan,Route 114,Barboach,Oblivious,,20,Mud Sport,Water Sport,Water Gun,Magnitude,0,0,0,0,0,0
Fisherman Claude,Route 114,Goldeen,Swift Swim,,16,Tail Whip,Water Sport,Supersonic,Horn Attack,0,0,0,0,0,0
,,Goldeen,Swift Swim,,16,Tail Whip,Water Sport,Supersonic,Horn Attack,0,0,0,0,0,0
,,Barboach,Oblivious,,18,Mud Sport,Water Sport,Water Gun,Magnitude,0,0,0,0,0,0
,,Goldeen,Swift Swim,,16,Tail Whip,Water Sport,Supersonic,Horn Attack,0,0,0,0,0,0
Picknicker Nancy,Route 114,Marill,Thick Fat,,19,Defense Curl,Tail Whip,Water Gun,Rollout,0,0,0,0,0,0
,,Lombre,Swift Swim,,19,Growl,Absorb,Nature Power,Fake Out,0,0,0,0,0,0
Sr. and Jr. Tyra & Ivy,Route 114,Roselia,Natural Cure,,19,Growth,Stun Spore,Mega Drain,Leech Seed,0,0,0,0,0,0
,,Graveler,Rock Head,,21,Defense Curl,Rollout,Mud Sport,Rock Throw,0,0,0,0,0,0
Camper Shane,Route 114,Sandshrew,Sand Veil,,19,Scratch,Defense Curl,Sand Attack,Poison Sting,0,0,0,0,0,0
,,Nuzleaf,Chlorophyll,,19,Harden,Growth,Nature Power,Fake Out,0,0,0,0,0,0
Kindler Bernie,Route 114,Slugma,Magma Armor,,19,Yawn,Smog,Ember,Rock Throw,0,0,0,0,0,0
,,Wingull,Keen Eye,,19,Growl,Water Gun,Supersonic,Wing Attack,0,0,0,0,0,0
Hiker Lucas,Route 114,Geodude,Rock Head,,18,Defense Curl,Mud Sport,Rock Throw,Magnitude,0,0,0,0,0,0
,,Geodude,Rock Head,,18,Defense Curl,Mud Sport,Rock Throw,Magnitude,0,0,0,0,0,0
,,Geodude,Rock Head,,18,Defense Curl,Mud Sport,Rock Throw,Magnitude,0,0,0,0,0,0
Hiker Lenny,Route 114,Machop,Guts,,19,Leer,Focus Energy,Karate Chop,Seismic Toss,0,0,0,0,0,0
,,Machop,Guts,,19,Leer,Focus Energy,Karate Chop,Seismic Toss,0,0,0,0,0,0
PokeManiac Steve,Route 114,Aron,Sturdy,,20,Mud-Slap,Headbutt,Metal Claw,Iron Defense,0,0,0,0,0,0
Black Belt Nob,Route 115 (South),Machop,Guts,,20,Leer,Focus Energy,Karate Chop,Seismic Toss,12,12,12,12,12,12
Collector Hector [Ruby],Route 115 (South),Seviper,Shed Skin,,20,Lick,Bite,Poison Tail,Screech,0,0,0,0,0,0
Collector Hector [Sapphire],Route 115 (South),Zangoose,,,20,,,,,0,0,0,0,0,0
Battle Girl Cyndy,Route 115 (South),Meditite,Pure Power,,19,Meditate,Confusion,Detect,Hidden Power,12,12,12,12,12,12
,,Makuhita,Thick Fat,,19,Sand Attack,Arm Thrust,Vital Throw,Fake Out,12,12,12,12,12,12
Team Magma Grunt [Ruby],Mt. Chimney,Zubat,Inner Focus,,20,Leech Life,Supersonic,Astonish,Bite,0,0,0,0,0,0
,,Poochyena,Run Away,,20,Howl,Sand Attack,Bite,Odor Sleuth,0,0,0,0,0,0
Team Aqua Grunt [Sapphire],Mt. Chimney,Zubat,Inner Focus,,20,Leech Life,Supersonic,Astonish,Bite,0,0,0,0,0,0
,,Poochyena,Run Away,,20,Howl,Sand Attack,Bite,Odor Sleuth,0,0,0,0,0,0
Magma Admin Tabitha [Ruby],Mt. Chimney,Numel,Oblivious,,20,Growl,Tackle,Ember,Magnitude,6,6,6,6,6,6
,,Poochyena,Run Away,,20,Howl,Sand Attack,Bite,Odor Sleuth,6,6,6,6,6,6
,,Numel,Oblivious,,20,Growl,Tackle,Ember,Magnitude,6,6,6,6,6,6
Aqua Admin Matt [Sapphire],Mt. Chimney,Carvanha,Rough Skin,,20,,,,,6,6,6,6,6,6
,,Poochyena,Run Away,,20,Howl,Sand Attack,Bite,Odor Sleuth,6,6,6,6,6,6
,,Carvanha,Rough Skin,,20,,,,,6,6,6,6,6,6
Magma Leader Maxie [Ruby],Mt. Chimney,Mightyena,Intimidate,,24,Sand Attack,Bite,Odor Sleuth,Roar,12,12,12,12,12,12
,,Golbat,Inner Focus,,24,Supersonic,Astonish,Bite,Wing Attack,12,12,12,12,12,12
,,Camerupt,Magma Armor,,25,Tackle,Ember,Magnitude,Focus Energy,18,18,18,18,18,18
Aqua Leader Archie [Sapphire],Mt. Chimney,Mightyena,Intimidate,,24,Sand Attack,Bite,Odor Sleuth,Roar,12,12,12,12,12,12
,,Golbat,Inner Focus,,24,Supersonic,Astonish,Bite,Wing Attack,12,12,12,12,12,12
,,Sharpedo,Rough Skin,,25,,,,,18,18,18,18,18,18
Hiker Eric,Jagged Pass,Baltoy,Levitate,,21,Mud-Slap,Psybeam,Rock Tomb,Self-Destruct,0,0,0,0,0,0
,,Baltoy,Levitate,,21,Mud-Slap,Psybeam,Rock Tomb,Self-Destruct,0,0,0,0,0,0
Camper Ethan,Jagged Pass,Zigzagoon,Pickup,,21,Headbutt,Sand Attack,Odor Sleuth,Mud Sport,0,0,0,0,0,0
,,Taillow,Guts,,21,Focus Energy,Quick Attack,Wing Attack,Double Team,0,0,0,0,0,0
Picknicker Diana,Jagged Pass,Shroomish,Effect Spore,,20,Tackle,Stun Spore,Leech Seed,Mega Drain,0,0,0,0,0,0
,,Oddish,Chlorophyll,,20,Sweet Scent,Poison Powder,Stun Spore,Sleep Powder,0,0,0,0,0,0
,,Swablu,Natural Cure,,20,Growl,Astonish,Sing,Fury Attack,0,0,0,0,0,0
Expert Shelby,Mt. Chimney,Meditite,Pure Power,,22,Confusion,Detect,Hidden Power,Mind Reader,24,24,24,24,24,24
,,Makuhita,Thick Fat,,22,Arm Thrust,Vital Throw,Fake Out,Whirlwind,24,24,24,24,24,24
Beauty Melissa,Mt. Chimney,Marill,Thick Fat,,22,Tail Whip,Water Gun,Rollout,Bubble Beam,0,0,0,0,0,0
Beauty Shirley,Mt. Chimney,Numel,Oblivious,,22,Growl,Tackle,Ember,Magnitude,0,0,0,0,0,0
Beauty Sheila,Mt. Chimney,Shroomish,Effect Spore,,22,Stun Spore,Leech Seed,Mega Drain,Headbutt,0,0,0,0,0,0
Kindler Cole,Lavaridge Gym,Slugma,Magma Armor,,22,Smog,Ember,Rock Throw,Harden,12,12,12,12,12,12
,,Slugma,Magma Armor,,22,Smog,Ember,Rock Throw,Harden,12,12,12,12,12,12
,,Numel,Oblivious,,22,Growl,Tackle,Ember,Magnitude,12,12,12,12,12,12
Cool Trainer Zane,Lavaridge Gym,Kecleon,Color Change,,24,Flamethrower,Fury Swipes,Feint Attack,Bind,12,12,12,12,12,12
Kindler Axle,Lavaridge Gym,Numel,Oblivious,,23,Growl,Tackle,Ember,Magnitude,12,12,12,12,12,12
,,Slugma,Magma Armor,,23,Smog,Ember,Rock Throw,Harden,12,12,12,12,12,12
Battle Girl Sadie,Lavaridge Gym,Meditite,Pure Power,,24,Bide,Detect,Confusion,Fire Punch,12,12,12,12,12,12
Kindler Andy,Lavaridge Gym,Slugma,Magma Armor,,23,Smog,Ember,Rock Throw,Harden,12,12,12,12,12,12
,,Numel,Oblivious,,23,Growl,Tackle,Ember,Magnitude,12,12,12,12,12,12
Gym Leader Flannery,Lavaridge Gym,Slugma,Magma Armor,,26,Overheat,Smog,Light Screen,Sunny Day,24,24,24,24,24,24
,,Slugma,Magma Armor,,26,Flamethrower,Rock Slide,Light Screen,Sunny Day,24,24,24,24,24,24
,,Torkoal,White Smoke,,28,Overheat,Body Slam,Flail,Attract,30,30,30,30,30,30
Camper Cliff,Route 111 (Desert),Baltoy,Levitate,,22,Rapid Spin,Mud-Slap,Psybeam,Rock Tomb,0,0,0,0,0,0
,,Sandshrew,Sand Veil,,22,Poison Sting,Sand Attack,Scratch,Dig,0,0,0,0,0,0
,,Baltoy,Levitate,,22,Rapid Spin,Mud-Slap,Psybeam,Rock Tomb,0,0,0,0,0,0
Picknicker Heidi,Route 111 (Desert),Sandshrew,Sand Veil,,23,Dig,Sand Attack,Poison Sting,Slash,0,0,0,0,0,0
,,Baltoy,Levitate,,23,Rapid Spin,Mud-Slap,Psybeam,Rock Tomb,0,0,0,0,0,0
Camper Drew,Route 111 (Desert),Sandshrew,Sand Veil,,24,Dig,Sand Attack,Poison Sting,Slash,0,0,0,0,0,0
Ruin Maniac Dusty,Route 111 (Desert),Sandslash,Sand Veil,,24,Dig,Slash,Sand Attack,Poison Sting,6,6,6,6,6,6
Picknicker Becky,Route 111 (Desert),Sandshrew,Sand Veil,,24,Sand Attack,Poison Sting,Slash,Dig,0,0,0,0,0,0
Cool Trainer Randall,Petalburg Gym (Speed Room),Delcatty,Cute Charm,,27,Growl,Attract,Sing,Double Slap,12,12,12,12,12,12
Cool Trainer Mary,Petalburg Gym (Accuracy Room),Delcatty,Cute Charm,,27,Growl,Attract,Sing,Double Slap,12,12,12,12,12,12
Cool Trainer Parker,Petalburg Gym (Zero Reduction Room),Linoone,Pickup,,27,Headbutt,Sand Attack,Odor Sleuth,Mud Sport,12,12,12,12,12,12
Cool Trainer Lori,Petalburg Gym (Defense Room),Linoone,Pickup,,27,Headbutt,Sand Attack,Odor Sleuth,Mud Sport,12,12,12,12,12,12
Cool Trainer George,Petalburg Gym (Recovery Room),Linoone,Pickup,,27,Headbutt,Sand Attack,Odor Sleuth,Mud Sport,12,12,12,12,12,12
Cool Trainer Berke,Petalburg Gym (One-Hit KO Room),Zangoose,Immunity,,27,Swords Dance,Fury Cutter,Slash,Pursuit,12,12,12,12,12,12
Cool Trainer Jody,Petalburg Gym (Strength Room),Zangoose,Immunity,,27,Swords Dance,Fury Cutter,Slash,Pursuit,12,12,12,12,12,12
Gym Leader Norman,Petalburg Gym,Slaking,Truant,,28,Encore,Facade,Yawn,Feint Attack,24,24,24,24,24,24
,,Vigoroth,Vital Spirit,,30,Slash,Feint Attack,Facade,Encore,24,24,24,24,24,24
,,Slaking,Truant,,31,Focus Punch,Slack Off,Facade,Feint Attack,30,30,30,30,30,30
Expert Timothy,Route 115 (North),Hariyama,Thick Fat,,28,Arm Thrust,Vital Throw,Fake Out,Whirlwind,24,24,24,24,24,24
Black Belt Koichi,Route 115 (North),Machop,Guts,,26,Karate Chop,Seismic Toss,Foresight,Revenge,12,12,12,12,12,12
,,Machoke,Guts,,26,Karate Chop,Seismic Toss,Foresight,Revenge,12,12,12,12,12,12
Swimmer Dawn,Route 105,Marill,Thick Fat,,27,Tail Whip,Water Gun,Rollout,Bubble Beam,0,0,0,0,0,0
Swimmer Beverly,Route 105,Wailmer,Water Veil,,26,Water Gun,Rollout,Whirlpool,Astonish,0,0,0,0,0,0
,,Wailmer,Water Veil,,26,Water Gun,Rollout,Whirlpool,Astonish,0,0,0,0,0,0
Ruin Maniac Foster,Route 105,Sandshrew,Sand Veil,,26,Dig,Slash,Sand Attack,Poison Sting,6,6,6,6,6,6
,,Sandslash,Sand Veil,,26,Dig,Slash,Sand Attack,Poison Sting,6,6,6,6,6,6
Swimmer Austin,Route 105,Magikarp,Swift Swim,,25,Splash,Tackle,,,0,0,0,0,0,0
,,Tentacool,Clear Body,,25,Supersonic,Constrict,Acid,Bubble Beam,0,0,0,0,0,0
,,Wingull,Keen Eye,,25,Water Gun,Supersonic,Wing Attack,Mist,0,0,0,0,0,0
Swimmer Luis,Route 105,Carvanha,Rough Skin,,27,Rage,Focus Energy,Scary Face,Crunch,0,0,0,0,0,0
Swimmer Douglas,Route 106 (Ocean),Tentacool,Clear Body,,26,Supersonic,Constrict,Acid,Bubble Beam,0,0,0,0,0,0
,,Tentacool,Clear Body,,26,Supersonic,Constrict,Acid,Bubble Beam,0,0,0,0,0,0
Swimmer Nicole,Route 106 (Ocean),Wailmer,Water Veil,,27,Water Gun,Rollout,Whirlpool,Astonish,0,0,0,0,0,0
Swimmer Beth,Route 107,Marill,Thick Fat,,25,Tail Whip,Water Gun,Rollout,Bubble Beam,0,0,0,0,0,0
,,Goldeen,Swift Swim,,25,Water Sport,Supersonic,Horn Attack,Flail,0,0,0,0,0,0
,,Wingull,Keen Eye,,25,Water Gun,Supersonic,Wing Attack,Mist,0,0,0,0,0,0
Swimmer Darrin,Route 107,Tentacool,Clear Body,,27,Supersonic,Constrict,Acid,Bubble Beam,0,0,0,0,0,0
Sis and Bro Lisa & Ray,Route 107,Goldeen,Swift Swim,,28,Water Sport,Supersonic,Horn Attack,Flail,0,0,0,0,0,0
,,Tentacool,Clear Body,,26,Supersonic,Constrict,Acid,Bubble Beam,0,0,0,0,0,0
Swimmer Tony,Route 107,Carvanha,Rough Skin,,27,Rage,Focus Energy,Scary Face,Crunch,0,0,0,0,0,0
Swimmer Denise,Route 107,Wingull,Keen Eye,,27,Water Gun,Supersonic,Wing Attack,Mist,0,0,0,0,0,0
Swimmer Tara,Route 108,Horsea,Swift Swim,,26,Bubble,Smokescreen,Leer,Water Gun,0,0,0,0,0,0
,,Marill,Thick Fat,,26,Tail Whip,Water Gun,Rollout,Bubble Beam,0,0,0,0,0,0
Swimmer Jerome,Route 108,Tentacool,Clear Body,,26,Supersonic,Constrict,Acid,Bubble Beam,0,0,0,0,0,0
,,Wingull,Keen Eye,,26,Water Gun,Supersonic,Wing Attack,Mist,0,0,0,0,0,0
Swimmer Missy,Route 108,Goldeen,Swift Swim,,24,Water Sport,Supersonic,Horn Attack,Flail,0,0,0,0,0,0
,,Wingull,Keen Eye,,24,Water Gun,Supersonic,Wing Attack,Mist,0,0,0,0,0,0
,,Marill,Thick Fat,,24,Tail Whip,Water Gun,Rollout,Bubble Beam,0,0,0,0,0,0
,,Wailmer,Water Veil,,24,Water Gun,Rollout,Whirlpool,Astonish,0,0,0,0,0,0
Swimmer Matthew,Route 108,Carvanha,Rough Skin,,27,Rage,Focus Energy,Scary Face,Crunch,0,0,0,0,0,0
Sailor Duncan,Abandoned Ship (B1F),Wailmer,Water Veil,,26,Water Gun,Rollout,Whirlpool,Astonish,0,0,0,0,0,0
,,Machoke,Guts,,26,Karate Chop,Seismic Toss,Foresight,Revenge,0,0,0,0,0,0
Tuber Charlie,Abandoned Ship (1F),Marill,Thick Fat,,27,Tail Whip,Water Gun,Rollout,Bubble Beam,0,0,0,0,0,0
Young Couple Lois & Hal,Abandoned Ship (1F),Volbeat,Illuminate,,27,Moonlight,Quick Attack,Tail Glow,Signal Beam,0,0,0,0,0,0
,,Illumise,Oblivious,,27,Moonlight,Quick Attack,Wish,Encore,0,0,0,0,0,0
Tuber Gwen,Route 109 (Ocean),Marill,Thick Fat,,27,Tail Whip,Water Gun,Rollout,Bubble Beam,0,0,0,0,0,0
Tuber Carmen,Route 109 (Ocean),Marill,Thick Fat,,27,Tail Whip,Water Gun,Rollout,Bubble Beam,0,0,0,0,0,0
Swimmer Alice,Route 109 (Ocean),Goldeen,Swift Swim,,25,Water Sport,Supersonic,Horn Attack,Flail,0,0,0,0,0,0
,,Wingull,Keen Eye,,25,Water Gun,Supersonic,Wing Attack,Mist,0,0,0,0,0,0
,,Goldeen,Swift Swim,,25,Water Sport,Supersonic,Horn Attack,Flail,0,0,0,0,0,0
Swimmer David,Route 109 (Ocean),Wingull,Keen Eye,,26,Water Gun,Supersonic,Wing Attack,Mist,0,0,0,0,0,0
,,Carvanha,Rough Skin,,26,Rage,Focus Energy,Scary Face,Crunch,0,0,0,0,0,0
Young Couple Mel & Paul,Route 109 (Ocean),Beautifly,Swarm,,27,Gust,Mega Drain,Attract,Stun Spore,0,0,0,0,0,0
,,Dustox,Shield Dust,,27,Gust,Psybeam,Toxic,Protect,0,0,0,0,0,0
Fisherman Carter,Route 109 (Ocean),Tentacool,Clear Body,,23,Poison Sting,Supersonic,Constrict,Acid,0,0,0,0,0,0
,,Tentacool,Clear Body,,24,Poison Sting,Supersonic,Constrict,Acid,0,0,0,0,0,0
,,Wailmer,Water Veil,,24,Water Gun,Rollout,Whirlpool,Astonish,0,0,0,0,0,0
,,Tentacool,Clear Body,,25,Supersonic,Constrict,Acid,Bubble Beam,0,0,0,0,0,0
Interviewers Gabby & Ty,Route 118 (East),Magnemite,Magnet Pull,,27,Supersonic,Sonic Boom,Thunder Wave,Spark,12,12,12,12,12,12
,,Loudred,Soundproof,,27,Uproar,Astonish,Howl,Supersonic,12,12,12,12,12,12
Fisherman Barny,Route 118 (East),Carvanha,Rough Skin,,26,Rage,Focus Energy,Scary Face,Crunch,0,0,0,0,0,0
,,Carvanha,Rough Skin,,26,Rage,Focus Energy,Scary Face,Crunch,0,0,0,0,0,0
Bird Keeper Perry,Route 118 (East),Wingull,Keen Eye,,27,Water Gun,Supersonic,Wing Attack,Mist,0,0,0,0,0,0
Bird Keeper Chester,Route 118 (East),Taillow,Guts,,26,Quick Attack,Wing Attack,Double Team,Endeavor,0,0,0,0,0,0
,,Swellow,Guts,,26,Focus Energy,Quick Attack,Wing Attack,Double Team,0,0,0,0,0,0
Bug Catcher Doug,Route 119,Nincada,Compound Eyes,,26,Sand Attack,Fury Swipes,Mind Reader,False Swipe,0,0,0,0,0,0
,,Nincada,Compound Eyes,,26,Sand Attack,Fury Swipes,Mind Reader,False Swipe,0,0,0,0,0,0
Bug Catcher Kent,Route 119,Ninjask,Speed Boost,,26,Double Team,Fury Cutter,Screech,Swords Dance,0,0,0,0,0,0
Bug Maniac Taylor,Route 119,Wurmple,Shield Dust,,25,Tackle,String Shot,Poison Sting,,12,12,12,12,12,12
,,Cascoon,Shed Skin,,25,Harden,,,,12,12,12,12,12,12
,,Dustox,Shield Dust,,25,Gust,Protect,Moonlight,Psybeam,12,12,12,12,12,12
Bug Maniac Donald,Route 119,Wurmple,Shield Dust,,25,Tackle,String Shot,Poison Sting,,12,12,12,12,12,12
,,Silcoon,Shed Skin,,25,Harden,,,,12,12,12,12,12,12
,,Beautifly,Swarm,,25,Gust,Stun Spore,Morning Sun,Mega Drain,12,12,12,12,12,12
Bug Catcher Greg,Route 119,Volbeat,Illuminate,,26,Moonlight,Quick Attack,Tail Glow,Signal Beam,0,0,0,0,0,0
,,Illumise,Oblivious,,26,Moonlight,Quick Attack,Wish,Encore,0,0,0,0,0,0
Bug Maniac Brent,Route 119,Surskit,Swift Swim,,27,Quick Attack,Sweet Scent,Water Sport,Bubble Beam,12,12,12,12,12,12
Fisherman Eugene,Route 119,Magikarp,Swift Swim,,30,Splash,Tackle,Flail,,0,0,0,0,0,0
,,Tentacool,Clear Body,,21,Poison Sting,Supersonic,Constrict,Acid,0,0,0,0,0,0
,,Feebas,Swift Swim,,27,Splash,Tackle,,,0,0,0,0,0,0
,,Carvanha,Rough Skin,,24,Rage,Focus Energy,Scary Face,Crunch,0,0,0,0,0,0
Pokemon Ranger Jackson,Route 119,Breloom,Effect Spore,,28,Mega Drain,Headbutt,Mach Punch,Counter,6,6,6,6,6,6
Pokemon Ranger Catherine,Route 119,Gloom,Chlorophyll,,27,Poison Powder,Stun Spore,Sleep Powder,Acid,6,6,6,6,6,6
,,Roselia,Natural Cure,,27,Stun Spore,Mega Drain,Leech Seed,Magical Leaf,6,6,6,6,6,6
Bird Keeper Phil,Route 119,Taillow,Guts,,25,Focus Energy,Quick Attack,Wing Attack,Double Team,0,0,0,0,0,0
,,Wingull,Keen Eye,,25,Water Gun,Supersonic,Wing Attack,Mist,0,0,0,0,0,0
,,Swellow,Guts,,25,Focus Energy,Quick Attack,Wing Attack,Double Team,0,0,0,0,0,0
Ninja Boy Takashi,Route 119,Nincada,Compound Eyes,,25,Sand Attack,Fury Swipes,Mind Reader,False Swipe,0,0,0,0,0,0
,,Koffing,Levitate,,25,Smog,Self-Destruct,Sludge,Smokescreen,0,0,0,0,0,0
,,Ninjask,Speed Boost,,25,Double Team,Fury Cutter,Screech,Swords Dance,0,0,0,0,0,0
Bird Keeper Hugh,Route 119,Swellow,Guts,,27,Focus Energy,Quick Attack,Wing Attack,Double Team,0,0,0,0,0,0
Team Magma Grunt [Ruby],Weather Institute (1F),Numel,Oblviious,,28,Tackle,Ember,Magnitude,Focus Energy,0,0,0,0,0,0
Team Aqua Grunt [Sapphire],Weather Institute (1F),Carvanha,Rough Skin,,28,,,,,0,0,0,0,0,0
Team Magma Grunt [Ruby],Weather Institute (1F),Zubat,Inner Focus,,27,Astonish,Bite,Wing Attack,Confuse Ray,0,0,0,0,0,0
,,Poochyena,Run Away,,27,Bite,Odor Sleuth,Roar,Swagger,0,0,0,0,0,0
Team Aqua Grunt [Sapphire],Weather Institute (1F),Zubat,Inner Focus,,27,Astonish,Bite,Wing Attack,Confuse Ray,0,0,0,0,0,0
,,Poochyena,Run Away,,27,Bite,Odor Sleuth,Roar,Swagger,0,0,0,0,0,0
Team Magma Grunt [Ruby],Weather Institute (2F),Poochyena,Run Away,,27,Bite,Odor Sleuth,Roar,Swagger,0,0,0,0,0,0
,,Numel,Oblivious,,27,Tackle,Ember,Magnitude,Focus Energy,0,0,0,0,0,0
Team Aqua Grunt [Sapphire],Weather Institute (2F),Poochyena,Run Away,,27,Bite,Odor Sleuth,Roar,Swagger,0,0,0,0,0,0
,,Carvanha,Rough Skin,,27,,,,,0,0,0,0,0,0
Team Magma Grunt [Ruby],Weather Institute (2F),Poochyena,Run Away,,26,Bite,Odor Sleuth,Roar,Swagger,0,0,0,0,0,0
,,Zubat,Inner Focus,,26,Astonish,Bite,Wing Attack,Confuse Ray,0,0,0,0,0,0
,,Numel,Oblivious,,26,Tackle,Ember,Magnitude,Focus Energy,0,0,0,0,0,0
Team Aqua Grunt [Sapphire],Weather Institute (2F),Poochyena,Run Away,,26,Bite,Odor Sleuth,Roar,Swagger,0,0,0,0,0,0
,,Zubat,Inner Focus,,26,Astonish,Bite,Wing Attack,Confuse Ray,0,0,0,0,0,0
,,Carvanha,Rough Skin,,26,,,,,0,0,0,0,0,0
Magma Admin Courtney [Ruby],Weather Institute (2F),Numel,Oblivious,,28,Tackle,Magnitude,Ember,Focus Energy,6,6,6,6,6,6
,,Mightyena,Intimidate,,28,Bite,Odor Sleuth,Roar,Swagger,6,6,6,6,6,6
Aqua Admin Shelly [Sapphire],Weather Institute (2F),Carvanha,Rough Skin,,28,,,,,6,6,6,6,6,6
,,Mightyena,Intimidate,,28,Bite,Odor Sleuth,Roar,Swagger,6,6,6,6,6,6
Pokemon Trainer Brendan {Treecko},Route 119,Wailmer,Water Veil,,29,,,,,12,12,12,12,12,12
,,Shroomish,Effect Spore,,29,Leech Seed,Mega Drain,Headbutt,Poison Powder,12,12,12,12,12,12
,,Combusken,Blaze,,31,,,,,18,18,18,18,18,18
Pokemon Trainer Brendan {Torchic},Route 119,Shroomish,Effect Spore,,29,Leech Seed,Mega Drain,Headbutt,Poison Powder,12,12,12,12,12,12
,,Numel,Oblivious,,29,Ember,Magnitude,Focus Energy,Take Down,12,12,12,12,12,12
,,Marshtomp,Torrent,,31,Mud Shot,Foresight,Mud Sport,Take Down,18,18,18,18,18,18
Pokemon Trainer Brendan {Mudkip},Route 119,Wailmer,Water Veil,,29,,,,,12,12,12,12,12,12
,,Numel,Oblivious,,29,Ember,Magnitude,Focus Energy,Take Down,12,12,12,12,12,12
,,Grovyle,Overgrow,,31,,,,,18,18,18,18,18,18
Pokemon Trainer May {Treecko},Route 119,Wailmer,Water Veil,,29,,,,,12,12,12,12,12,12
,,Shroomish,Effect Spore,,29,Leech Seed,Mega Drain,Headbutt,Poison Powder,12,12,12,12,12,12
,,Combusken,Blaze,,31,,,,,18,18,18,18,18,18
Pokemon Trainer May {Torchic},Route 119,Shroomish,Effect Spore,,29,Leech Seed,Mega Drain,Headbutt,Poison Powder,12,12,12,12,12,12
,,Numel,Oblivious,,29,Ember,Magnitude,Focus Energy,Take Down,12,12,12,12,12,12
,,Marshtomp,Torrent,,31,Mud Shot,Foresight,Mud Sport,Take Down,18,18,18,18,18,18
Pokemon Trainer May {Mudkip},Route 119,Wailmer,Water Veil,,29,,,,,12,12,12,12,12,12
,,Numel,Oblivious,,29,Ember,Magnitude,Focus Energy,Take Down,12,12,12,12,12,12
,,Grovyle,Overgrow,,31,,,,,18,18,18,18,18,18
Ninja Boy Yasu,Route 119,Ninjask,Speed Boost,,27,Double Team,Fury Cutter,Screech,Swords Dance,0,0,0,0,0,0
Ninja Boy Hideo,Route 119,Koffing,Levitate,,26,Tackle,Self-Destruct,Sludge,Smokescreen,0,0,0,0,0,0
,,Koffing,Levitate,,26,Tackle,Self-Destruct,Sludge,Smokescreen,0,0,0,0,0,0
Parasol Lady Clarissa,Route 120,Goldeen,Swift Swim,,29,Supersonic,Horn Attack,Flail,Fury Attack,0,0,0,0,0,0
,,Wailmer,Water Veil,,29,Rollout,Whirlpool,Astonish,Water Pulse,0,0,0,0,0,0
Interviewers Gabby & Ty,Route 120,Magneton,Magnet Pull,,30,Supersonic,Sonic Boom,Thunder Wave,Spark,18,18,18,18,18,18
,,Loudred,Soundproof,,30,Astonish,Howl,Supersonic,Stomp,18,18,18,18,18,18
Bird Keeper Robert,Route 120,Swablu,Natural Cure,,30,Sing,Fury Attack,Safeguard,Mist,0,0,0,0,0,0
Bird Keeper Colin,Route 120,Natu,Synchronize,,29,Peck,Leer,Night Shade,Teleport,0,0,0,0,0,0
,,Swellow,Guts,,29,Quick Attack,Wing Attack,Double Team,Endeavor,0,0,0,0,0,0
Parasol Lady Angelica,Route 120,Castform,Forecast,,30,Rain Dance,Sunny Day,Hail,Weather Ball,0,0,0,0,0,0
Ninja Boy Tsunao,Route 120,Nincada,Compound Eyes,,28,Leech Life,Fury Swipes,Mind Reader,Dig,0,0,0,0,0,0
,,Koffing,Levitate,,28,Tackle,Self-Destruct,Sludge,Smokescreen,0,0,0,0,0,0
,,Ninjask,Speed Boost,,28,Double Team,Fury Cutter,Screech,Swords Dance,0,0,0,0,0,0
Cool Trainer Jennifer,Route 120,Milotic,Marvel Scale,,31,Refresh,Water Pulse,Twister,Recover,12,12,12,12,12,12
Pokemon Ranger Jenna,Route 120,Lotad,Swift Swim,,29,Growl,Absorb,Nature Power,Mist,6,6,6,6,6,6
,,Lombre,Swift Swim,,29,Absorb,Nature Power,Fake Out,Fury Swipes,6,6,6,6,6,6
,,Nuzleaf,Chlorophyll,,29,Growth,Nature Power,Fake Out,Torment,6,6,6,6,6,6
Pokemon Ranger Carlos,Route 120,Seedot,Chlorophyll,,29,Harden,Growth,Nature Power,Synthesis,6,6,6,6,6,6
,,Nuzleaf,Chlorophyll,,29,Growth,Nature Power,Fake Out,Torment,6,6,6,6,6,6
,,Lombre,Swift Swim,,29,Absorb,Nature Power,Fake Out,Fury Swipes,6,6,6,6,6,6
Bug Maniac Brandon,Route 120,Surskit,Swift Swim,,28,Quick Attack,Sweet Scent,Water Sport,Bubble Beam,0,0,0,0,0,0
,,Surskit,Swift Swim,,28,Quick Attack,Sweet Scent,Water Sport,Bubble Beam,0,0,0,0,0,0
,,Surskit,Swift Swim,,28,Quick Attack,Sweet Scent,Water Sport,Bubble Beam,0,0,0,0,0,0
Ninja Boy Keigo,Route 120,Koffing,Levitate,,29,Poison Gas,Tackle,Sludge,Smokescreen,0,0,0,0,0,0
,,Ninjask,Speed Boost,,29,Sand Attack,Double Team,Fury Cutter,Swords Dance,0,0,0,0,0,0
Ruin Maniac Chip,Route 120,Sandshrew,Sand Veil,,28,Dig,Slash,Sand Attack,Poison Sting,6,6,6,6,6,6
,,Sandshrew,Sand Veil,,28,Dig,Slash,Sand Attack,Poison Sting,6,6,6,6,6,6
,,Sandslash,Sand Veil,,28,Dig,Slash,Sand Attack,Poison Sting,6,6,6,6,6,6
Hex Maniac Tammy,Route 121,Ralts,Synchronize,,30,Double Team,Teleport,Calm Mind,Psychic,0,0,0,0,0,0
,,Duskull,Levitate,,30,Foresight,Astonish,Confuse Ray,Pursuit,0,0,0,0,0,0
Beauty Jessica,Route 121,Kecleon,Color Change,,30,Bind,Lick,Fury Swipes,Feint Attack,0,0,0,0,0,0
,,Seviper,Shed Skin,,30,Poison Tail,Screech,Glare,Crunch,0,0,0,0,0,0
Sr. and Jr. Kate & Joy,Route 121,Spinda,Own Tempo,,30,Hypnosis,Psybeam,Dizzy Punch,Teeter Dance,0,0,0,0,0,0
,,Slaking,Truant,,32,Focus Punch,Yawn,Slack Off,Feint Attack,0,0,0,0,0,0
Gentleman Walter,Route 121,Manectric,Static,,31,Quick Attack,Spark,Odor Sleuth,Roar,0,0,0,0,0,0
PokeFan Vanessa,Route 121,Pikachu,Static,Oran Berry,31,Quick Attack,Double Team,Slam,Thunderbolt,0,0,0,0,0,0
Bird Keeper Jared,Fortree Gym,Doduo,Run Away,,30,Pursuit,Fury Attack,Tri Attack,Rage,12,12,12,12,12,12
Picknicker Kylee,Fortree Gym,Swablu,Natural Cure,,30,Sing,Fury Attack,Safeguard,Mist,12,12,12,12,12,12
Camper Terrell,Fortree Gym,Taillow,Guts,,29,Quick Attack,Wing Attack,Double Team,Endeavor,12,12,12,12,12,12
,,Swellow,Guts,,29,Quick Attack,Wing Attack,Double Team,Endeavor,12,12,12,12,12,12
Bird Keeper Will,Fortree Gym,Wingull,Keen Eye,,28,Water Gun,Supersonic,Wing Attack,Mist,12,12,12,12,12,12
,,Swellow,Guts,,28,Quick Attack,Wing Attack,Double Team,Endeavor,12,12,12,12,12,12
,,Pelipper,Keen Eye,,28,Wing Attack,Supersonic,Mist,Protect,12,12,12,12,12,12
Gym Leader Winona,Fortree Gym,Swellow,Guts,,31,Quick Attack,Aerial Ace,Double Team,Endeavor,24,24,24,24,24,24
,,Pelipper,Keen Eye,,30,Water Gun,Supersonic,Protect,Aerial Ace,24,24,24,24,24,24
,,Skarmory,Keen Eye,,32,Sand Attack,Fury Attack,Steel Wing,Aerial Ace,24,24,24,24,24,24
,,Altaria,Natural Cure,,33,Earthquake,Dragon Breath,Dragon Dance,Aerial Ace,30,30,30,30,30,30
PokeManiac Mark,Mt. Pyre (2F),Lairon,Sturdy,,32,Iron Defense,Roar,Take Down,Iron Tail,0,0,0,0,0,0
Young Couple Dez & Luke,Mt. Pyre (2F),Delcatty,Cute Charm,,32,Growl,Attract,Sing,Double Slap,0,0,0,0,0,0
,,Manectric,Static,,32,Quick Attack,Spark,Odor Sleuth,Roar,0,0,0,0,0,0
Psychic Kayla,Mt. Pyre (3F),Kadabra,Synchronize,,32,Psybeam,Reflect,Recover,Future Sight,0,0,0,0,0,0
Psychic William,Mt. Pyre (3F),Ralts,Synchronize,,31,Teleport,Calm Mind,Psychic,Imprison,0,0,0,0,0,0
,,Kirlia,Synchronize,,31,Double Team,Teleport,Calm Mind,Psychic,0,0,0,0,0,0
Black Belt Atsushi,Mt. Pyre (4F),Makuhita,Thick Fat,,30,Vital Throw,Fake Out,Whirlwind,Knock Off,12,12,12,12,12,12
,,Machoke,Guts,,30,Karate Chop,Seismic Toss,Foresight,Revenge,12,12,12,12,12,12
,,Hariyama,Thick Fat,,30,Vital Throw,Fake Out,Whirlwind,Knock Off,12,12,12,12,12,12
Hex Maniac Tasha,Mt. Pyre (5F),Shuppet,Insomnia,,31,Screech,Night Shade,Curse,Spite,0,0,0,0,0,0
,,Kadabra,Synchronize,,31,Psybeam,Reflect,Recover,Future Sight,0,0,0,0,0,0
Hex Maniac Valerie,Mt. Pyre (6F),Sableye,Keen Eye,,32,Fury Swipes,Fake Out,Detect,Feint Attack,0,0,0,0,0,0
Team Magma Grunt [Ruby],Mt. Pyre (Summit),Zubat,Inner Focus,,30,Astonish,Bite,Wing Attack,Confuse Ray,0,0,0,0,0,0
,,Zubat,Inner Focus,,30,Astonish,Bite,Wing Attack,Confuse Ray,0,0,0,0,0,0
,,Zubat,Inner Focus,,30,Astonish,Bite,Wing Attack,Confuse Ray,0,0,0,0,0,0
Team Aqua Grunt [Sapphire],Mt. Pyre (Summit),Zubat,Inner Focus,,30,Astonish,Bite,Wing Attack,Confuse Ray,0,0,0,0,0,0
,,Zubat,Inner Focus,,30,Astonish,Bite,Wing Attack,Confuse Ray,0,0,0,0,0,0
,,Zubat,Inner Focus,,30,Astonish,Bite,Wing Attack,Confuse Ray,0,0,0,0,0,0
Team Magma Grunt [Ruby],Mt. Pyre (Summit),Poochyena,Run Away,,31,Odor Sleuth,Roar,Swagger,Scary Face,0,0,0,0,0,0
,,Numel,Oblivious,,31,Magnitude,Focus Energy,Take Down,Amnesia,0,0,0,0,0,0
Team Aqua Grunt [Sapphire],Mt. Pyre (Summit),Carvanha,Rough Skin,,31,,,,,0,0,0,0,0,0
,,Poochyena,Run Away,,31,Odor Sleuth,Roar,Swagger,Scary Face,0,0,0,0,0,0
Team Magma Grunt [Ruby],Mt. Pyre (Summit),Numel,Oblivious,,31,Magnitude,Focus Energy,Take Down,Amnesia,0,0,0,0,0,0
,,Numel,Oblivious,,31,Magnitude,Focus Energy,Take Down,Amnesia,0,0,0,0,0,0
Team Aqua Grunt [Sapphire],Mt. Pyre (Summit),Carvanha,Rough Skin,,31,,,,,0,0,0,0,0,0
,,Carvanha,Rough Skin,,31,,,,,0,0,0,0,0,0
Psychic Cameron,Route 123,Kadabra,Synchronize,,31,Psybeam,Reflect,Recover,Future Sight,0,0,0,0,0,0
,,Solrock,Levitate,,31,Rock Throw,Fire Spin,Psywave,Cosmic Power,0,0,0,0,0,0
Hex Maniac Kindra,Route 123,Duskull,Levitate,,31,Foresight,Astonish,Confuse Ray,Pursuit,0,0,0,0,0,0
,,Shuppet,Insomnia,,31,Screech,Night Shade,Curse,Spite,0,0,0,0,0,0
Cool Trainer Wendy,Route 123,Mawile,Hyper Cutter,,31,Baton Pass,Feint Attack,Fake Tears,Bite,12,12,12,12,12,12
,,Roselia,Natural Cure,,31,Mega Drain,Magical Leaf,Grass Whistle,Leech Seed,12,12,12,12,12,12
,,Pelipper,Keen Eye,,31,Fly,Water Gun,Mist,Protect,12,12,12,12,12,12
Cool Trainer Clyde,Route 123,Swellow,Guts,,29,Focus Energy,Quick Attack,Wing Attack,Endeavor,12,12,12,12,12,12
,,Trapinch,Hyper Cutter,,29,Bite,Dig,Feint Attack,Sand Tomb,12,12,12,12,12,12
,,Wailmer,Water Veil,,29,Rollout,Whirlpool,Astonish,Water Pulse,12,12,12,12,12,12
,,Magneton,Magnet Pull,,29,Thunderbolt,Supersonic,Thunder Wave,Sonic Boom,12,12,12,12,12,12
,,Shiftry,Chlorophyll,,29,Giga Drain,Feint Attack,Double Team,Swagger,12,12,12,12,12,12
Psychic Jacki,Route 123,Kadabra,Synchronize,,31,Psybeam,Reflect,Recover,Future Sight,0,0,0,0,0,0
,,Lunatone,Levitate,,31,Rock Throw,Hypnosis,Psywave,Cosmic Power,0,0,0,0,0,0
Twins Miu & Yuki,Route 123,Beautifly,Swarm,,27,Stun Spore,Morning Sun,Mega Drain,Whirlwind,0,0,0,0,0,0
,,Dustox,Shield Dust,,27,Protect,Moonlight,Psybeam,Whirlwind,0,0,0,0,0,0
Aroma Lady Violet,Route 123,Shroomish,Effect Spore,,25,Stun Spore,Leech Seed,Mega Drain,Headbutt,0,0,0,0,0,0
,,Gloom,Chlorophyll,,25,Poison Powder,Stun Spore,Sleep Powder,Acid,0,0,0,0,0,0
,,Breloom,Effect Spore,,25,Leech Seed,Mega Drain,Headbutt,Mach Punch,0,0,0,0,0,0
Pokemon Trainer Brendan {Treecko},Lilycove City,Swellow,Guts,,31,Quick Attack,Wing Attack,Double Team,Endeavor,18,18,18,18,18,18
,,Wailmer,Water Veil,,,,,,,18,18,18,18,18,18
,,Shroomish,Effect Spore,,32,Leech Seed,Mega Drain,Headbutt,Poison Powder,18,18,18,18,18,18
,,Combusken,Blaze,,34,,,,,24,24,24,24,24,24
Pokemon Trainer Brendan {Torchic},Lilycove City,Swellow,Guts,,31,Quick Attack,Wing Attack,Double Team,Endeavor,18,18,18,18,18,18
,,Shroomish,Effect Spore,,32,Leech Seed,Mega Drain,Headbutt,Poison Powder,18,18,18,18,18,18
,,Numel,Oblivious,,32,Magnitude,Focus Energy,Take Down,Amnesia,18,18,18,18,18,18
,,Marshtomp,Torrent,,34,Mud Shot,Foresight,Mud Sport,Take Down,24,24,24,24,24,24
Pokemon Trainer Brendan {Mudkip},Lilycove City,Swellow,Guts,,31,Quick Attack,Wing Attack,Double Team,Endeavor,18,18,18,18,18,18
,,Numel,Oblivious,,32,Magnitude,Focus Energy,Take Down,Amnesia,18,18,18,18,18,18
,,Wailmer,Water Veil,,,,,,,18,18,18,18,18,18
,,Grovyle,Overgrow,,34,,,,,24,24,24,24,24,24
Pokemon Trainer May {Treecko},Lilycove City,Swellow,Guts,,31,Quick Attack,Wing Attack,Double Team,Endeavor,18,18,18,18,18,18
,,Wailmer,Water Veil,,,,,,,18,18,18,18,18,18
,,Shroomish,Effect Spore,,32,Leech Seed,Mega Drain,Headbutt,Poison Powder,18,18,18,18,18,18
,,Combusken,Blaze,,34,,,,,24,24,24,24,24,24
Pokemon Trainer May {Torchic},Lilycove City,Swellow,Guts,,31,Quick Attack,Wing Attack,Double Team,Endeavor,18,18,18,18,18,18
,,Shroomish,Effect Spore,,32,Leech Seed,Mega Drain,Headbutt,Poison Powder,18,18,18,18,18,18
,,Numel,Oblivious,,32,Magnitude,Focus Energy,Take Down,Amnesia,18,18,18,18,18,18
,,Marshtomp,Torrent,,34,Mud Shot,Foresight,Mud Sport,Take Down,24,24,24,24,24,24
Pokemon Trainer May {Mudkip},Lilycove City,Swellow,Guts,,31,Quick Attack,Wing Attack,Double Team,Endeavor,18,18,18,18,18,18
,,Numel,Oblivious,,32,Magnitude,Focus Energy,Take Down,Amnesia,18,18,18,18,18,18
,,Wailmer,Water Veil,,,,,,,18,18,18,18,18,18
,,Grovyle,Overgrow,,34,,,,,24,24,24,24,24,24
Team Magma Grunt [Ruby],Magma Hideout,Poochyena,Run Away,,32,Odor Sleuth,Roar,Swagger,Scary Face,0,0,0,0,0,0
,,Poochyena,Run Away,,32,Odor Sleuth,Roar,Swagger,Scary Face,0,0,0,0,0,0
Team Aqua Grunt [Sapphire],Aqua Hideout,Poochyena,Run Away,,32,Odor Sleuth,Roar,Swagger,Scary Face,0,0,0,0,0,0
,,Poochyena,Run Away,,32,Odor Sleuth,Roar,Swagger,Scary Face,0,0,0,0,0,0
Team Magma Grunt [Ruby],Magma Hideout,Zubat,Keen Eye,,33,Bite,Wing Attack,Confuse Ray,Air Cutter,0,0,0,0,0,0
Team Aqua Grunt [Sapphire],Aqua Hideout,Zubat,Keen Eye,,33,Bite,Wing Attack,Confuse Ray,Air Cutter,0,0,0,0,0,0
Team Magma Grunt [Ruby],Magma Hideout,Poochyena,Run Away,,31,Odor Sleuth,Roar,Swagger,Scary Face,0,0,0,0,0,0
,,Numel,Oblivious,,31,Magnitude,Focus Energy,Take Down,Amnesia,0,0,0,0,0,0
,,Numel,Oblivious,,31,Magnitude,Focus Energy,Take Down,Amnesia,0,0,0,0,0,0
Team Aqua Grunt [Sapphire],Aqua Hideout,Poochyena,Run Away,,31,Odor Sleuth,Roar,Swagger,Scary Face,0,0,0,0,0,0
,,Carvanha,Rough Skin,,31,,,,,0,0,0,0,0,0
,,Carvanha,Rough Skin,,31,,,,,0,0,0,0,0,0
Team Magma Grunt [Ruby],Magma Hideout,Numel,Oblivious,,32,Magnitude,Focus Energy,Take Down,Amnesia,0,0,0,0,0,0
,,Zubat,Keen Eye,,32,Bite,Wing Attack,Confuse Ray,Air Cutter,0,0,0,0,0,0
Team Aqua Grunt [Sapphire],Aqua Hideout,Carvanha,Rough Skin,,32,,,,,0,0,0,0,0,0
,,Zubat,Keen Eye,,32,Bite,Wing Attack,Confuse Ray,Air Cutter,0,0,0,0,0,0
Team Magma Grunt [Ruby],Magma Hideout,Zubat,Keen Eye,,30,Astonish,Bite,Wing Attack,Confuse Ray,0,0,0,0,0,0
,,Poochyena,Run Away,,30,Odor Sleuth,Roar,Swagger,Scary Face,0,0,0,0,0,0
,,Poochyena,Run Away,,30,Odor Sleuth,Roar,Swagger,Scary Face,0,0,0,0,0,0
,,Numel,Oblivious,,30,Ember,Magnitude,Focus Energy,Take Down,0,0,0,0,0,0
Team Aqua Grunt [Sapphire],Aqua Hideout,Zubat,Keen Eye,,30,Astonish,Bite,Wing Attack,Confuse Ray,0,0,0,0,0,0
,,Poochyena,Run Away,,30,Odor Sleuth,Roar,Swagger,Scary Face,0,0,0,0,0,0
,,Poochyena,Run Away,,30,Odor Sleuth,Roar,Swagger,Scary Face,0,0,0,0,0,0
,,Carvanha,Rough Skin,,30,,,,,0,0,0,0,0,0
Team Magma Grunt [Ruby],Magma Hideout,Numel,Oblviious,,33,Magnitude,Focus Energy,Take Down,Amnesia,0,0,0,0,0,0
Team Aqua Grunt [Sapphire],Aqua Hideout,Carvanha,Rough Skin,,33,,,,,0,0,0,0,0,0
Magma Admin Tabitha [Ruby],Magma Hideout,Numel,Oblivious,,32,Magnitude,Focus Energy,Take Down,Amnesia,6,6,6,6,6,6
,,Mightyena,Intimidate,,32,Odor Sleuth,Roar,Swagger,Scary Face,6,6,6,6,6,6
,,Camerupt,Magma Armor,,32,Magnitude,Focus Energy,Take Down,Amnesia,6,6,6,6,6,6
Aqua Admin Matt [Sapphire],Aqua Hideout,Carvanha,Rough Skin,,32,,,,,6,6,6,6,6,6
,,Mightyena,Intimidate,,32,Odor Sleuth,Roar,Swagger,Scary Face,6,6,6,6,6,6
,,Sharpedo,Rough Skin,,32,,,,,6,6,6,6,6,6
Swimmer Jenny,Route 124,Wailmer,Water Veil,,35,Whirlpool,Astonish,Water Pulse,Mist,0,0,0,0,0,0
Sis and Bro Rita & Sam,Route 124,Chinchou,Volt Absorb,,36,Flail,Water Gun,Spark,Confuse Ray,0,0,0,0,0,0
,,Carvanha,Rough Skin,,34,Scary Face,Crunch,Screech,Take Down,0,0,0,0,0,0
Swimmer Roland,Route 124,Carvanha,Rough Skin,,35,Scary Face,Crunch,Screech,Take Down,0,0,0,0,0,0
Swimmer Grace,Route 124,Marill,Thick Fat,,33,Water Gun,Rollout,Bubble Beam,Double-Edge,0,0,0,0,0,0
,,Wailmer,Water Veil,,33,Whirlpool,Astonish,Water Pulse,Mist,0,0,0,0,0,0
,,Wingull,Keen Eye,,33,Supersonic,Wing Attack,Mist,Quick Attack,0,0,0,0,0,0
Swimmer Spencer,Route 124,Tentacool,Clear Body,,33,Constrict,Acid,Bubble Beam,Wrap,0,0,0,0,0,0
,,Tentacool,Clear Body,,33,Constrict,Acid,Bubble Beam,Wrap,0,0,0,0,0,0
,,Tentacool,Clear Body,,33,Constrict,Acid,Bubble Beam,Wrap,0,0,0,0,0,0
Swimmer Chad,Route 124,Wingull,Keen Eye,,34,Supersonic,Wing Attack,Mist,Quick Attack,0,0,0,0,0,0
,,Wailmer,Water Veil,,34,Whirlpool,Astonish,Water Pulse,Mist,0,0,0,0,0,0
Swimmer Tanya,Route 125,Luvdisc,Swift Swim,,35,Water Gun,Agility,Take Down,Attract,0,0,0,0,0,0
Sailor Ernest,Route 125,Wingull,Keen Eye,,33,Supersonic,Wing Attack,Mist,Quick Attack,0,0,0,0,0,0
,,Tentacool,Clear Body,,33,Constrict,Acid,Bubble Beam,Wrap,0,0,0,0,0,0
,,Machoke,Guts,,33,Seismic Toss,Foresight,Revenge,Vital Throw,0,0,0,0,0,0
Swimmer Stan,Route 125,Horsea,Swift Swim,,35,Smokescreen,Leer,Water Gun,Twister,0,0,0,0,0,0
Sr. and Jr. Kim & Iris,Route 125,Swablu,Natural Cure,,34,Sing,Fury Attack,Safeguard,Aerial Ace,0,0,0,0,0,0
,,Numel,Oblivious,,36,Flamethrower,Take Down,Rest,Earthquake,0,0,0,0,0,0
Swimmer Sharon,Route 125,Goldeen,Swift Swim,,34,Supersonic,Horn Attack,Flail,Fury Attack,0,0,0,0,0,0
,,Seaking,Swift Swim,,34,Supersonic,Horn Attack,Flail,Fury Attack,0,0,0,0,0,0
Swimmer Cody,Route 125,Staryu,Illuminate,,34,Camouflage,Swift,Bubble Beam,Minimize,0,0,0,0,0,0
,,Wingull,Keen Eye,,34,Supersonic,Wing Attack,Mist,Quick Attack,0,0,0,0,0,0
Psychic Preston,Mossdeep Gym,Kirlia,Synchronize,,37,Teleport,Calm Mind,Psychic,Imprison,12,12,12,12,12,12
Psychic Maura,Mossdeep Gym,Kadabra,Synchronize,,36,Recover,Future Sight,Role Play,Psychic,12,12,12,12,12,12
,,Kirlia,Synchronize,,36,Teleport,Calm Mind,Psychic,Imprison,12,12,12,12,12,12
Psychic Samantha,Mossdeep Gym,Xatu,Synchronize,,37,Night Shade,Teleport,Wish,Future Sight,12,12,12,12,12,12
Psychic Fritz,Mossdeep Gym,Natu,Synchronize,,35,Night Shade,Teleport,Wish,Future Sight,12,12,12,12,12,12
,,Girafarig,Inner Focus,,35,Confusion,Stomp,Odo Sleuth,Agility,12,12,12,12,12,12
,,Kadabra,Synchronize,,35,Reflect,Recover,Future Sight,Role Play,12,12,12,12,12,12
Psychic Virgil,Mossdeep Gym,Ralts,Synchronize,,36,Calm Mind,Psychic,Imprison,Future Sight,12,12,12,12,12,12
,,Kadabra,Synchronize,,36,Recover,Future Sight,Role Play,Psychic,12,12,12,12,12,12
Psychic Hannah,Mossdeep Gym,Ralts,Synchronize,,36,Calm Mind,Psychic,Imprison,Future Sight,12,12,12,12,12,12
,,Kirlia,Synchronize,,36,Teleport,Calm Mind,Psychic,Imprison,12,12,12,12,12,12
Gym Leaders Tate & Liza,Mossdeep Gym,Lunatone,Levitate,,42,Light Screen,Psychic,Hypnosis,Calm Mind,30,30,30,30,30,30
,,Solrock,Levitate,,42,Sunny Day,Solar Beam,Psychic,Flamethrower,30,30,30,30,30,30
Bird Keeper Byron,Route 127,Swellow,Guts,,34,Quick Attack,Wing Attack,Double Team,Endeavor,0,0,0,0,0,0
,,Pelipper,Keen Eye,,34,Mist,Protect,Stockpile,Swallow,0,0,0,0,0,0
Fisherman Jonah,Route 127,Wailmer,Water Veil,,34,Whirlpool,Astonish,Water Pulse,Mist,0,0,0,0,0,0
,,Tentacool,Clear Body,,32,Constrict,Acid,Bubble Beam,Wrap,0,0,0,0,0,0
,,Wailmer,Water Veil,,30,Rollout,Whirlpool,Astonish,Water Pulse,0,0,0,0,0,0
,,Sharpedo,Rough Skin,,32,Focus Energy,Scary Face,Crunch,Screech,0,0,0,0,0,0
Fisherman Henry,Route 127,Tentacool,Clear Body,,31,Constrict,Acid,Bubble Beam,Wrap,0,0,0,0,0,0
,,Carvanha,Rough Skin,,33,Scary Face,Crunch,Screech,Take Down,0,0,0,0,0,0
,,Tentacruel,Clear Body,,35,Constrict,Acid,Bubble Beam,Wrap,0,0,0,0,0,0
Fisherman Roger,Route 127,Magikarp,Swift Swim,,15,Splash,Tackle,,,0,0,0,0,0,0
,,Magikarp,Swift Swim,,25,Splash,Tackle,,,0,0,0,0,0,0
,,Gyarados,Intimidate,,35,Bite,Dragon Rage,Leer,Twister,0,0,0,0,0,0
,,Magikarp,Swift Swim,,45,Splash,Tackle,Flail,,0,0,0,0,0,0
Triathlete Connor,Route 127,Wingull,Keen Eye,,25,Water Gun,Supersonic,Wing Attack,Mist,19,19,19,19,19,19
,,Staryu,Illuminate,,33,Camouflage,Swift,Bubble Beam,Minimize,19,19,19,19,19,19
,,Wingull,Keen Eye,,25,Water Gun,Supersonic,Wing Attack,Mist,19,19,19,19,19,19
,,Staryu,Illuminate,,33,Camouflage,Swift,Bubble Beam,Minimize,19,19,19,19,19,19
Triathlete Caleb,Route 127,Staryu,Illuminate,,33,Camouflage,Swift,Bubble Beam,Minimize,0,0,0,0,0,0
,,Staryu,Illuminate,,33,Camouflage,Swift,Bubble Beam,Minimize,0,0,0,0,0,0
,,Staryu,Illuminate,,33,Camouflage,Swift,Bubble Beam,Minimize,0,0,0,0,0,0
,,Staryu,Illuminate,,33,Camouflage,Swift,Bubble Beam,Minimize,0,0,0,0,0,0
Black Belt Koji,Route 127,Machoke,Guts,,34,Seismic Toss,Foresight,Revenge,Vital Throw,12,12,12,12,12,12
,,Machoke,Guts,,34,Seismic Toss,Foresight,Revenge,Vital Throw,12,12,12,12,12,12
Swimmer Brenda,Route 126,Goldeen,Swift Swim,,35,Supersonic,Horn Attack,Flail,Fury Attack,0,0,0,0,0,0
Swimmer Barry,Route 126,Gyarados,Intimidate,,35,Bite,Dragon Rage,Leer,Twister,0,0,0,0,0,0
Swimmer Dean,Route 126,Carvanha,Rough Skin,,33,Scary Face,Crunch,Screech,Take Down,0,0,0,0,0,0
,,Wingull,Keen Eye,,33,Supersonic,Wing Attack,Mist,Quick Attack,0,0,0,0,0,0
,,Carvanha,Rough Skin,,33,Scary Face,Crunch,Screech,Take Down,0,0,0,0,0,0
Swimmer Nikki,Route 126,Marill,Thick Fat,,32,Water Gun,Rollout,Bubble Beam,Double-Edge,0,0,0,0,0,0
,,Wailmer,Water Veil,,32,Whirlpool,Astonish,Water Pulse,Mist,0,0,0,0,0,0
,,Spheal,Thick Fat,,32,Ice Ball,Body Slam,Aurora Beam,Hail,0,0,0,0,0,0
Team Magma Grunt [Ruby],Seafloor Cavern,Poochyena,Run Away,,37,Swagger,Scary Face,Take Down,Taunt,0,0,0,0,0,0
,,Numel,Oblivious,,37,Focus Energy,Take Down,Amnesia,Earthquake,0,0,0,0,0,0
Team Aqua Grunt [Sapphire],Seafloor Cavern,Poochyena,Run Away,,37,Swagger,Scary Face,Take Down,Taunt,0,0,0,0,0,0
,,Carvanha,Rough Skin,,37,,,,,0,0,0,0,0,0
Team Magma Grunt [Ruby],Seafloor Cavern,Numel,Oblivious,,38,Focus Energy,Take Down,Amnesia,Earthquake,0,0,0,0,0,0
Team Aqua Grunt [Sapphire],Seafloor Cavern,Carvanha,Rough Skin,,38,,,,,0,0,0,0,0,0
Magma Admin Courtney [Ruby],Seafloor Cavern,Camerupt,Magma Armor,,38,Take Down,Amnesia,Rock Slide,Earthquake,6,6,6,6,6,6
,,Mightyena,Intimidate,,38,Roar,Swagger,Scary Face,Take Down,6,6,6,6,6,6
Aqua Admin Shelly [Sapphire],Seafloor Cavern,Sharpedo,Rough Skin,,38,,,,,6,6,6,6,6,6
,,Mightyena,Intimidate,,38,Roar,Swagger,Scary Face,Take Down,6,6,6,6,6,6
Magma Leader Maxie [Ruby],Seafloor Cavern,Mightyena,Intimidate,,41,Roar,Swagger,Scary Face,Take Down,18,18,18,18,18,18
,,Crobat,Inner Focus,,41,Bite,Wing Attack,Confuse Ray,Air Cutter,18,18,18,18,18,18
,,Camerupt,Magma Armor,,43,Take Down,Amnesia,Rock Slide,Earthquake,18,18,18,18,18,18
Aqua Leader Archie [Sapphire],Seafloor Cavern,Mightyena,Intimidate,,41,Roar,Swagger,Scary Face,Take Down,18,18,18,18,18,18
,,Crobat,Inner Focus,,41,Bite,Wing Attack,Confuse Ray,Air Cutter,18,18,18,18,18,18
,,Sharpedo,Rough Skin,,43,,,,,18,18,18,18,18,18
Lass Crissy,Sootopolis Gym,Wailmer,Water Veil,,40,Astonish,Water Pulse,Mist,Rest,12,12,12,12,12,12
,,Wailmer,Water Veil,,40,Astonish,Water Pulse,Mist,Rest,12,12,12,12,12,12
Beauty Olivia,Sootopolis Gym,Lombre,Swift Swim,,41,Uproar,Fury Swipes,Fake Out,Water Gun,12,12,12,12,12,12
Beauty Tiffany,Sootopolis Gym,Carvanha,Rough Skin,,39,Crunch,Screech,Take Down,Swagger,12,12,12,12,12,12
,,Wailmer,Water Veil,,39,Astonish,Water Pulse,Mist,Rest,12,12,12,12,12,12
,,Sharpedo,Rough Skin,,39,Crunch,Screech,Slash,Taunt,12,12,12,12,12,12
PokeFan Marissa,Sootopolis Gym,Azurill,Thick Fat,Oran Berry,36,Tail Whip,Bubble,Slam,Water Gun,12,12,12,12,12,12
,,Marill,Thick Fat,Oran Berry,38,Rollout,Bubble Beam,Double-Edge,Rain Dance,12,12,12,12,12,12
,,Azumarill,Thick Fat,Oran Berry,40,Water Gun,Rollout,Bubble Beam,Double-Edge,12,12,12,12,12,12
Beauty Bridget,Sootopolis Gym,Azumarill,Thick Fat,,41,Water Gun,Rollout,Bubble Beam,Double-Edge,12,12,12,12,12,12
Lady Brianna,Sootopolis Gym,Seaking,Swift Swim,Nugget,41,Horn Attack,Flail,Fury Attack,Waterfall,12,12,12,12,12,12
Beauty Connie,Sootopolis Gym,Goldeen,Swift Swim,,40,Horn Attack,Flail,Fury Attack,Waterfall,12,12,12,12,12,12
,,Wailmer,Water Veil,,40,Astonish,Water Pulse,Mist,Rest,12,12,12,12,12,12
Lass Andrea,Sootopolis Gym,Luvdisc,Swift Swim,,41,Take Down,Attract,Sweet Kiss,Flail,12,12,12,12,12,12
Gym Leader Wallace,Sootopolis Gym,Luvdisc,Swift Swim,,40,Water Pulse,Attract,Sweet Kiss,Flail,24,24,24,24,24,24
,,Whiscash,Oblivious,,42,Rain Dance,Water Pulse,Amnesia,Earthquake,24,24,24,24,24,24
,,Sealeo,Thick Fat,,40,Encore,Body Slam,Aurora Beam,Water Pulse,24,24,24,24,24,24
,,Seaking,Swift Swim,,42,Water Pulse,Rain Dance,Fury Attack,Horn Drill,24,24,24,24,24,24
,,Milotic,Marvel Scale,,43,Water Pulse,Twister,Recover,Ice Beam,30,30,30,30,30,30
Cool Trainer Ruben,Route 128,Shiftry,Chlorophyll,,34,Pound,Harden,Growth,Nature Power,12,12,12,12,12,12
,,Graveler,Rock Head,,34,Rock Throw,Magnitude,Self-Destruct,Rollout,12,12,12,12,12,12
,,Loudred,Soundproof,,34,Astonish,Howl,Supersonic,Stomp,12,12,12,12,12,12
Cool Trainer Alexa,Route 128,Gloom,Chlorophyll,,35,Stun Spore,Sleep Powder,Acid,Moonlight,12,12,12,12,12,12
,,Azumarill,Thick Fat,,35,Water Gun,Rollout,Bubble Beam,Double-Edge,12,12,12,12,12,12
Triathlete Isaiah,Route 128,Staryu,Illuminate,,36,Camouflage,Swift,Bubble Beam,Minimize,0,0,0,0,0,0
Fisherman Wayne,Route 128,Tentacool,Clear Body,,30,Constrict,Acid,Bubble Beam,Wrap,0,0,0,0,0,0
,,Tentacool,Clear Body,,30,Constrict,Acid,Bubble Beam,Wrap,0,0,0,0,0,0
,,Wailmer,Water Veil,,35,Whirlpool,Astonish,Water Pulse,Mist,0,0,0,0,0,0
,,Tentacruel,Clear Body,,32,Constrict,Acid,Bubble Beam,Wrap,0,0,0,0,0,0
Triathlete Katelyn,Route 128,Staryu,Illuminate,,36,Camouflage,Swift,Bubble Beam,Minimize,0,0,0,0,0,0
Triathlete Allison,Route 129,Wingull,Keen Eye,,25,Water Gun,Supersonic,Wing Attack,Mist,0,0,0,0,0,0
,,Wingull,Keen Eye,,25,Water Gun,Supersonic,Wing Attack,Mist,0,0,0,0,0,0
,,Staryu,Illuminate,,33,Camouflage,Swift,Bubble Beam,Minimize,0,0,0,0,0,0
,,Wingull,Keen Eye,,25,Water Gun,Supersonic,Wing Attack,Mist,0,0,0,0,0,0
Swimmer Reed,Route 129,Carvanha,Rough Skin,,32,Scary Face,Crunch,Screech,Take Down,0,0,0,0,0,0
,,Carvanha,Rough Skin,,32,Scary Face,Crunch,Screech,Take Down,0,0,0,0,0,0
,,Spheal,Thick Fat,,32,Ice Ball,Body Slam,Aurora Beam,Hail,0,0,0,0,0,0
,,Sharpedo,Rough Skin,,32,Focus Energy,Scary Face,Crunch,Screech,0,0,0,0,0,0
Triathlete Chase,Route 129,Wingull,Keen Eye,,27,Water Gun,Supersonic,Wing Attack,Mist,9,9,9,9,9,9
,,Staryu,Illuminate,,35,Camouflage,Swift,Bubble Beam,Minimize,9,9,9,9,9,9
Swimmer Tisha,Route 129,Chinchou,Volt Absorb,,33,Flail,Water Gun,Spark,Confuse Ray,0,0,0,0,0,0
,,Luvdisc,Swift Swim,,33,Water Gun,Agility,Take Down,Attract,0,0,0,0,0,0
,,Pelipper,Keen Eye,,33,Mist,Protect,Stockpile,Swallow,0,0,0,0,0,0
Swimmer Katie,Route 130,Goldeen,Swift Swim,,33,Supersonic,Horn Attack,Flail,Fury Attack,0,0,0,0,0,0
,,Chinchou,Volt Absorb,,33,Flail,Water Gun,Spark,Confuse Ray,0,0,0,0,0,0
,,Spheal,Thick Fat,,33,Ice Ball,Body Slam,Aurora Beam,Hail,0,0,0,0,0,0
Swimmer Rodney,Route 130,Horsea,Swift Swim,,34,Smokescreen,Leer,Water Gun,Twister,0,0,0,0,0,0
,,Gyarados,Intimidate,,34,Thrash,Bite,Dragon Rage,Leer,0,0,0,0,0,0
Swimmer Kara,Route 131,Seaking,Swift Swim,,35,Supersonic,Horn Attack,Flail,Fury Attack,0,0,0,0,0,0
Swimmer Herman,Route 131,Wailmer,Water Veil,,34,Whirlpool,Astonish,Water Pulse,Mist,0,0,0,0,0,0
,,Tentacruel,Clear Body,,34,Constrict,Acid,Bubble Beam,Wrap,0,0,0,0,0,0
Swimmer Susie,Route 131,Horsea,Swift Swim,,33,Smokescreen,Leer,Water Gun,Twister,0,0,0,0,0,0
,,Wailmer,Water Veil,,33,Whirlpool,Astonish,Water Pulse,Mist,0,0,0,0,0,0
,,Pelipper,Keen Eye,,33,Mist,Protect,Stockpile,Swallow,0,0,0,0,0,0
Swimmer Richard,Route 131,Pelipper,Keen Eye,,35,Mist,Protect,Stockpile,Swallow,0,0,0,0,0,0
Sis and Bro Reli & Ian,Route 131,Azumarill,Thick Fat,,36,Water Gun,Rollout,Bubble Beam,Double-Edge,0,0,0,0,0,0
,,Wingull,Keen Eye,,34,Supersonic,Wing Attack,Mist,Quick Attack,0,0,0,0,0,0
Swimmer Dana,Route 132,Marill,Thick Fat,,33,Water Gun,Rollout,Bubble Beam,Double-Edge,0,0,0,0,0,0
,,Luvdisc,Swift Swim,,33,Water Gun,Agility,Take Down,Attract,0,0,0,0,0,0
,,Azumarill,Thick Fat,,33,Tail Whip,Water Gun,Rollout,Bubble Beam,0,0,0,0,0,0
Swimmer Gilbert,Route 132,Sharpedo,Rough Skin,,35,Scary Face,Crunch,Screech,Slash,0,0,0,0,0,0
Black Belt Kiyo,Route 132,Makuhita,Thick Fat,,33,Fake Out,Whirlwind,Knock Off,Smelling Salts,12,12,12,12,12,12
,,Makuhita,Thick Fat,,33,Fake Out,Whirlwind,Knock Off,Smelling Salts,12,12,12,12,12,12
,,Machoke,Guts,,33,Seismic Toss,Foresight,Revenge,Vital Throw,12,12,12,12,12,12
Swimmer Franklin,Route 133,Tentacruel,Clear Body,,34,Constrict,Acid,Bubble Beam,Wrap,0,0,0,0,0,0
,,Sealeo,Thick Fat,,34,Ice Ball,Body Slam,Aurora Beam,Hail,0,0,0,0,0,0
Swimmer Debra,Route 133,Goldeen,Swift Swim,,34,Supersonic,Horn Attack,Flail,Fury Attack,0,0,0,0,0,0
,,Seaking,Swift Swim,,34,Supersonic,Horn Attack,Flail,Fury Attack,0,0,0,0,0,0
Swimmer Linda,Route 133,Horsea,Swift Swim,,34,Smokescreen,Leer,Water Gun,Twister,0,0,0,0,0,0
,,Seadra,Swift Swim,,34,Smokescreen,Leer,Water Gun,Twister,0,0,0,0,0,0
Fisherman Ronald,Route 133,Gyarados,Intimidate,,34,Thrash,Bite,Dragon Rage,Leer,0,0,0,0,0,0
,,Gyarados,Intimidate,,29,Thrash,Bite,Dragon Rage,,0,0,0,0,0,0
,,Gyarados,Intimidate,,25,Thrash,Bite,Dragon Rage,,0,0,0,0,0,0
,,Gyarados,Intimidate,,22,Thrash,Bite,,,0,0,0,0,0,0
,,Gyarados,Intimidate,,20,Thrash,Bite,,,0,0,0,0,0,0
,,Magikarp,Swift Swim,,19,Splash,Tackle,,,0,0,0,0,0,0
Cool Trainer Warren,Route 133,Graveler,Rock Head,,34,Rock Throw,Magnitude,Self-Destruct,Rollout,12,12,12,12,12,12
,,Magcargo,Magma Armor,,34,Ember,Rock Throw,Harden,Amnesia,12,12,12,12,12,12
,,Ludicolo,Swift Swim,,34,Astonish,Growl,Absorb,Nature Power,12,12,12,12,12,12
Bird Keeper Beck,Route 133,Pelipper,Keen Eye,,34,Mist,Protect,Stockpile,Swallow,0,0,0,0,0,0
,,Pelipper,Keen Eye,,34,Mist,Protect,Stockpile,Swallow,0,0,0,0,0,0
Swimmer Jack,Route 134,Staryu,Illuminate,,34,Camouflage,Swift,Bubble Beam,Minimize,0,0,0,0,0,0
,,Gyarados,Intimidate,,34,Thrash,Bite,Dragon Rage,Leer,0,0,0,0,0,0
Swimmer Laurel,Route 134,Luvdisc,Swift Swim,,33,Water Gun,Agility,Take Down,Attract,0,0,0,0,0,0
,,Luvdisc,Swift Swim,,33,Water Gun,Agility,Take Down,Attract,0,0,0,0,0,0
,,Luvdisc,Swift Swim,,33,Water Gun,Agility,Take Down,Attract,0,0,0,0,0,0
Dragon Tamer Aaron,Route 134,Bagon,Rock Head,,35,Headbutt,Focus Energy,Ember,Dragon Breath,12,12,12,12,12,12
Bird Keeper Alex,Route 134,Natu,Synchronize,,32,Night Shade,Teleport,Wish,Future Sight,0,0,0,0,0,0
,,Wingull,Keen Eye,,32,Supersonic,Wing Attack,Mist,Quick Attack,0,0,0,0,0,0
,,Swellow,Guts,,32,Quick Attack,Wing Attack,Double Team,Endeavor,0,0,0,0,0,0
,,Pelipper,Keen Eye,,32,Wing Attack,Supersonic,Mist,Protect,0,0,0,0,0,0
Black Belt Hitoshi,Route 134,Machoke,Guts,,34,Seismic Toss,Foresight,Revenge,Vital Throw,12,12,12,12,12,12
,,Machoke,Guts,,34,Seismic Toss,Foresight,Revenge,Vital Throw,12,12,12,12,12,12
Cool Trainer Albert,Victory Road (1F),Manectric,Static,,43,Spark,Odor Sleuth,Roar,Bite,12,12,12,12,12,12
,,Muk,Stench,,43,Sludge,Minimize,Screech,Acid Armor,12,12,12,12,12,12
Cool Trainer Hope,Victory Road (1F),Roselia,Natural Cure,,44,Grass Whistle,Giga Drain,Sweet Scent,Ingrain,12,12,12,12,12,12
Cool Trainer Edgar,Victory Road (1F),Cacturne,Sand Veil,,44,Ingrain,Feint Attack,Spikes,Needle Arm,12,12,12,12,12,12
Cool Trainer Samuel,Victory Road (B1F),Dodrio,Run Away,,42,Fury Attack,Tri Attack,Rage,Uproar,12,12,12,12,12,12
,,Lairon,Sturdy,,42,Roar,Take Down,Iron Tail,Protect,12,12,12,12,12,12
,,Kadabra,Synchronize,,42,Recover,Future Sight,Role Play,Psychic,12,12,12,12,12,12
Cool Trainer Shannon,Victory Road (B1F),Claydol,Levitate,,44,Ancient Power,Sandstorm,Hyper Beam,Cosmic Power,12,12,12,12,12,12
Cool Trainer Michelle,Victory Road (B1F),Nosepass,Sturdy,,42,Thunder Wave,Rock Slide,Sandstorm,Rest,12,12,12,12,12,12
,,Medicham,Pure Power,,42,Mind Reader,Calm Mind,High Jump Kick,Psych Up,12,12,12,12,12,12
,,Ludicolo,Swift Swim,,42,Astonish,Growl,Absorb,Nature Power,12,12,12,12,12,12
Cool Trainer Julie,Victory Road (B2F),Sandslash,Sand Veil,,43,Poison Sting,Slash,Swift,Fury Swipes,12,12,12,12,12,12
,,Ninetales,Flash Fire,,43,Ember,Quick Attack,Confuse Ray,Safeguard,12,12,12,12,12,12
Cool Trainer Owen,Victory Road (B2F),Kecleon,Color Change,,42,Psybeam,Screech,Slash,Substitute,12,12,12,12,12,12
,,Rhyhorn,Lightning Rod,,42,Fury Attack,Scary Face,Rock Blast,Horn Drill,12,12,12,12,12,12
,,Tentacruel,Clear Body,,42,Acid,Bubble Beam,Wrap,Barrier,12,12,12,12,12,12
Cool Trainer Vito,Victory Road (B2F),Swelllow,Guts,,42,Wing Attack,Double Team,Endeavor,Aerial Ace,12,12,12,12,12,12
,,Kadabra,Synchronize,,42,Recover,Future Sight,Role Play,Psychic,12,12,12,12,12,12
,,Manectric,Static,,42,Spark,Odor Sleuth,Roar,Bite,12,12,12,12,12,12
,,Shiftry,Chlorophyll,,42,Pound,Harden,Growth,Nature Power,12,12,12,12,12,12
Cool Trainer Caroline,Victory Road (B2F),Mawile,Hyper Cutter,,43,Feint Attack,Baton Pass,Crunch,Iron Defense,12,12,12,12,12,12
,,Sableye,Keen Eye,,43,Feint Attack,Knock Off,Confuse Ray,Shadow Ball,12,12,12,12,12,12
Pokemon Trainer Wally,Victory Road (1F),Altaria,Natural Cure,,44,Aerial Ace,Safeguard,Dragon Breath,Dragon Dance,18,18,18,18,18,18
,,Delcatty,Cute Charm,,43,Sing,Assist,Charm,Feint Attack,18,18,18,18,18,18
,,Roselia,Natural Cure,,44,Magical Leaf,Leech Seed,Giga Drain,Toxic,18,18,18,18,18,18
,,Magneton,Magnet Pull,,41,Supersonic,Thunderbolt,Tri Attack,Screech,18,18,18,18,18,18
,,Gardevoir,Synchronize,,45,Double Team,Calm Mind,Psychic,Future Sight,18,18,18,18,18,18
Elite Four Sidney,Pokemon League,Mightyena,Initimidate,,46,Roar,Take Down,Sand Attack,Crunch,30,30,30,30,30,30
,,Cacturne,Sand Veil,,46,Leech Seed,Feint Attack,Needle Arm,Cotton Spore,30,30,30,30,30,30
,,Shiftry,Chlorophyll,,48,Fake Out,Double Team,Swagger,Extrasensory,30,30,30,30,30,30
,,Sharpedo,Rough Skin,,48,Crunch,Swagger,Surf,Slash,30,30,30,30,30,30
,,Absol,Pressure,Sitrus Berry,49,Aerial Ace,Snatch,Swords Dance,Slash,31,31,31,31,31,31
Elite Four Phoebe,Pokemon League,Dusclops,Pressure,,48,Shadow Punch,Confuse Ray,Curse,Future Sight,30,30,30,30,30,30
,,Banette,Insomnia,,49,Shadow Ball,Spire,Will-O-Wisp,Feint Attack,30,30,30,30,30,30
,,Banette,Insomnia,,49,Shadow Ball,Psychic,Toxic,Skill Swap,30,30,30,30,30,30
,,Sableye,Keen Eye,,50,Shadow Ball,Psychic,Attract,Feint Attack,30,30,30,30,30,30
,,Dusclops,Pressure,Sitrus Berry,51,Shadow Ball,Ice Beam,Confuse Ray,Earthquake,31,31,31,31,31,31
Elite Four Glacia,Pokemon League,Glalie,Inner Focus,,50,Light Screen,Crunch,Hail,Ice Beam,30,30,30,30,30,30
,,Sealeo,Thick Fat,,50,Surf,Body Slam,Hail,Ice Ball,30,30,30,30,30,30
,,Sealeo,Thick Fat,,52,Attract,Dive,Hail,Blizzard,30,30,30,30,30,30
,,Glalie,Inner Focus,,52,Shadow Ball,Crunch,Hail,Ice Beam,30,30,30,30,30,30
,,Walrein,Thick Fat,Sitrus Berry,53,Surf,Body Slam,Blizzard,Sheer Cold,31,31,31,31,31,31
Elite Four Drake,Pokemon League,Shelgon,Rock Head,,52,Rock Tomb,Dragon Claw,Protect,Crunch,30,30,30,30,30,30
,,Altaria,Natural Cure,,54,Take Down,Dragon Breath,Dragon Dance,Refresh,30,30,30,30,30,30
,,Flygon,Levitate,,53,Flamethrower,Crunch,Dragon Breath,Sand Attack,30,30,30,30,30,30
,,Flygon,Levitate,,53,Dig,Dragon Breath,Fly,Sandstorm,30,30,30,30,30,30
,,Salamence,Intimidate,Sitrus Berry,55,Flamethrower,Dragon Claw,Fly,Crunch,31,31,31,31,31,31
Champion Steven,Pokemon League,Skarmory,Keen Eye,,57,Toxic,Aerial Ace,Spikes,Steel Wing,31,31,31,31,31,31
,,Claydol,Levitate,,55,Earthquake,Ancient Power,Light Screen,Reflect,31,31,31,31,31,31
,,Aggron,Sturdy,,56,Earthquake,Dragon Claw,Thunder,Solar Beam,31,31,31,31,31,31
,,Cradily,Suction Cups,,56,Ancient Power,Confuse Ray,Sludge Bomb,Giga Drain,31,31,31,31,31,31
,,Armaldo,Battle Armor,,56,Ancient Power,Slash,Aerial Ace,Water Pulse,31,31,31,31,31,31
,,Metagross,Clear Body,Sitrus Berry,58,Meteor Mash,Earthquake,Psychic,Hyper Beam,31,31,31,31,31,31